Frame,Gaze_X,Gaze_Y,Fixation,Side
0,-0.0581,-0.0537,False,Center
1,-0.0642,-0.0456,False,Center
2,-0.0693,-0.0281,False,Center
3,-0.0829,-0.0607,False,Center
4,-0.104,-0.0619,False,Center
5,-0.1277,-0.0636,False,Center
6,-0.0917,-0.0513,False,Center
7,-0.0596,-0.0306,False,Center
8,-0.0563,-0.0259,False,Center
9,-0.0715,-0.0304,False,Center
10,-0.0575,0.0039,False,Center
11,-0.0453,0.0023,True,Center
12,-0.0498,-0.0018,True,Center
13,-0.0488,-0.0191,True,Center
14,-0.0596,-0.0299,False,Center
15,-0.0452,-0.0141,True,Center
16,-0.046,-0.0154,True,Center
17,-0.0667,-0.0251,False,Center
18,-0.0854,-0.0279,False,Center
19,-0.0759,-0.0144,False,Center
20,-0.0741,-0.0382,False,Center
21,-0.0558,-0.0589,False,Center
22,-0.0571,-0.0659,False,Center
23,-0.0563,-0.0661,False,Center
24,-0.0556,-0.0645,False,Center
25,-0.0469,-0.0532,True,Center
26,-0.0464,-0.0603,True,Center
27,-0.053,-0.0664,False,Center
28,-0.0533,-0.0608,False,Center
29,-0.0455,-0.0569,True,Center
30,-0.0637,-0.0596,False,Center
31,-0.0648,-0.0382,False,Center
32,-0.0454,-0.0556,True,Center
33,-0.053,-0.0576,False,Center
34,-0.0463,-0.065,True,Center
35,-0.0559,-0.0601,False,Center
36,-0.0623,-0.0521,False,Center
37,-0.076,-0.0375,False,Center
38,-0.0931,-0.0398,False,Center
39,-0.063,-0.033,False,Center
40,-0.0371,-0.0269,True,Center
41,-0.0371,-0.0284,True,Center
42,-0.0235,-0.0249,True,Center
43,-0.0464,-0.017,True,Center
44,-0.0392,-0.0014,True,Center
45,-0.035,-0.0185,True,Center
46,-0.0394,-0.0187,True,Center
47,-0.0127,-0.0154,True,Center
48,-0.0412,-0.0218,True,Center
49,-0.0651,-0.0261,False,Center
50,-0.0371,-0.0248,True,Center
51,-0.0638,-0.0099,False,Center
52,-0.0434,0.0085,True,Center
53,-0.0399,0.0203,True,Center
54,-0.0582,-0.0115,False,Center
55,-0.0087,0.0122,True,Center
56,0.0016,0.0055,True,Center
57,-0.0145,-0.004,True,Center
58,0.0199,0.0132,True,Center
59,0.0599,-0.003,False,Center
60,0.0283,-0.0126,True,Center
61,0.0211,-0.0084,True,Center
62,0.0336,-0.0106,True,Center
63,-0.0312,-0.0389,True,Center
64,-0.0437,-0.0347,True,Center
65,-0.028,-0.0479,True,Center
66,-0.0479,-0.0438,True,Center
67,-0.0778,-0.0139,False,Center
68,-0.0662,0.0055,False,Center
69,-0.0595,0.0034,False,Center
70,-0.0494,0.001,True,Center
71,-0.055,0.0471,False,Center
72,-0.0257,-0.0345,True,Center
73,-0.0476,-0.0858,True,Center
73,0.0123,-0.1756,True,Center
75,-0.0702,-0.0829,False,Center
76,-0.0572,-0.0725,False,Center
77,-0.0535,-0.0769,False,Center
78,-0.0637,-0.0661,False,Center
79,-0.0513,-0.0626,False,Center
80,-0.0386,-0.081,True,Center
81,-0.0487,-0.0821,True,Center
82,-0.0976,-0.012,False,Center
83,-0.1251,-0.0229,False,Center
84,-0.0369,0.0187,True,Center
85,0.0766,-0.0319,False,Center
86,-0.0047,0.0072,True,Center
87,-0.0319,-0.0449,True,Center
88,-0.0388,-0.0482,True,Center
89,-0.0404,-0.0492,True,Center
90,-0.0261,-0.0463,True,Center
91,-0.0622,-0.0479,False,Center
92,-0.1178,-0.0174,False,Center
93,-0.0836,-0.0307,False,Center
94,-0.0586,-0.0358,False,Center
95,-0.1176,0.0312,False,Center
96,-0.0625,-0.0363,False,Center
97,-0.0638,-0.0662,False,Center
98,-0.0498,-0.0454,True,Center
99,-0.0839,-0.0184,False,Center
100,-0.0885,-0.0189,False,Center
101,-0.086,-0.0328,False,Center
102,-0.0666,-0.0334,False,Center
103,-0.0812,-0.0237,False,Center
104,-0.0438,-0.0106,True,Center
105,-0.0511,-0.0212,False,Center
106,-0.0519,-0.021,False,Center
107,-0.0169,0.0072,True,Center
108,-0.0564,-0.0129,False,Center
109,-0.093,0.0215,False,Center
110,-0.0666,-0.0337,False,Center
111,-0.0822,-0.0053,False,Center
112,-0.0737,-0.001,False,Center
113,-0.0764,-0.0331,False,Center
114,-0.0873,-0.0242,False,Center
115,-0.0792,-0.0276,False,Center
116,-0.0774,-0.0364,False,Center
117,-0.0883,-0.0462,False,Center
118,-0.0798,-0.0409,False,Center
119,-0.078,-0.0499,False,Center
120,-0.0808,-0.0483,False,Center
121,-0.0778,-0.045,False,Center
122,-0.0925,-0.0472,False,Center
123,-0.1115,-0.0182,False,Center
124,-0.1011,-0.024,False,Center
125,-0.0848,-0.0163,False,Center
126,-0.0824,-0.0239,False,Center
127,-0.0673,-0.0161,False,Center
128,-0.074,-0.0312,False,Center
129,-0.0884,0.0076,False,Center
130,-0.13,-0.0536,False,Center
131,-0.0961,-0.0257,False,Center
132,-0.0755,-0.0046,False,Center
133,-0.0147,0.0226,True,Center
134,-0.0504,-0.0006,False,Center
135,-0.0544,-0.0211,False,Center
136,-0.1169,-0.03,False,Center
137,-0.0934,-0.0205,False,Center
138,-0.0638,-0.0399,False,Center
139,-0.0668,-0.0103,False,Center
140,-0.4166,0.0803,False,Left
141,-0.4066,0.0534,False,Left
142,-0.0872,-0.0197,False,Center
143,-0.052,-0.0322,False,Center
144,-0.0583,-0.0383,False,Center
145,-0.065,-0.0316,False,Center
146,-0.0579,-0.0351,False,Center
147,-0.0463,-0.0492,True,Center
148,-0.093,-0.0323,False,Center
149,-0.046,-0.0201,True,Center
151,-0.0617,-0.0353,False,Center
152,-0.0698,0.0216,False,Center
153,-0.1268,0.0232,False,Center
154,-0.1187,0.0127,False,Center
155,-0.0871,0.012,False,Center
156,-0.1294,-0.0081,False,Center
157,-0.1145,-0.0276,False,Center
158,-0.1109,-0.0043,False,Center
159,-0.1176,-0.0289,False,Center
160,-0.0918,-0.0302,False,Center
161,-0.0963,-0.0263,False,Center
162,-0.1066,0.0163,False,Center
163,-0.038,-0.0057,True,Center
164,-0.0887,-0.0044,False,Center
165,-0.0688,-0.0212,False,Center
166,-0.0498,0.0024,True,Center
167,-0.0543,-0.0129,False,Center
168,-0.0509,-0.0168,False,Center
169,-0.0588,-0.0147,False,Center
170,-0.0524,-0.0189,False,Center
171,-0.0551,-0.0226,False,Center
172,-0.089,-0.0078,False,Center
173,-0.0719,-0.0188,False,Center
174,-0.0659,-0.0378,False,Center
175,-0.068,-0.007,False,Center
176,-0.0575,0.012,False,Center
177,-0.0511,0.0192,False,Center
178,-0.0781,0.0145,False,Center
179,-0.0875,0.0076,False,Center
180,-0.0832,-0.0014,False,Center
181,-0.0908,-0.0111,False,Center
182,-0.0882,-0.0337,False,Center
183,-0.096,-0.0204,False,Center
184,-0.0878,-0.0238,False,Center
185,-0.0847,-0.015,False,Center
186,-0.0877,-0.0005,False,Center
187,-0.0745,0.0208,False,Center
188,-0.0558,0.0074,False,Center
189,-0.0783,0.0187,False,Center
190,-0.0592,0.0136,False,Center
191,-0.058,0.0035,False,Center
192,-0.0686,-0.0258,False,Center
193,-0.0797,-0.0141,False,Center
194,-0.0855,-0.0158,False,Center
195,-0.0613,-0.0204,False,Center
196,-0.1204,0.0066,False,Center
198,-0.0847,-0.0354,False,Center
199,-0.0775,-0.0296,False,Center
200,-0.09,-0.0234,False,Center
201,-0.076,-0.0453,False,Center
202,-0.0847,-0.049,False,Center
203,-0.1205,-0.0464,False,Center
204,-0.0891,-0.0368,False,Center
205,-0.1157,-0.0013,False,Center
206,-0.1512,-0.0499,False,Center
207,0.0779,-0.1735,False,Center
208,-0.0185,0.0133,True,Center
218,0.0409,-0.035,True,Center
219,-0.1159,-0.0531,False,Center
220,-0.1107,-0.0593,False,Center
221,-0.0806,-0.0588,False,Center
222,-0.0671,-0.0345,False,Center
231,-0.0394,-0.2139,True,Center
232,-0.0452,-0.1118,True,Center
233,-0.0844,-0.087,False,Center
234,-0.1044,-0.0504,False,Center
235,-0.1491,-0.0268,False,Center
236,-0.1158,-0.0518,False,Center
237,-0.0639,-0.0577,False,Center
238,-0.0702,-0.045,False,Center
239,-0.0587,-0.0252,False,Center
240,-0.0658,-0.029,False,Center
241,-0.3143,0.0828,False,Left
242,-0.0807,0.0427,False,Center
243,-0.0457,-0.0289,True,Center
244,-0.0465,-0.0396,True,Center
245,-0.0598,-0.0388,False,Center
246,-0.0603,-0.0217,False,Center
247,-0.0492,-0.0213,True,Center
248,-0.0247,-0.032,True,Center
249,-0.0412,-0.0366,True,Center
250,-0.0393,-0.0402,True,Center
251,-0.0515,-0.0138,False,Center
252,-0.0542,-0.0204,False,Center
253,-0.0447,-0.0283,True,Center
254,-0.0432,-0.0371,True,Center
255,-0.0376,-0.0235,True,Center
256,-0.0508,-0.0326,False,Center
257,-0.0474,-0.0245,True,Center
258,-0.022,-0.0409,True,Center
259,-0.046,-0.0342,True,Center
260,-0.0417,-0.0451,True,Center
261,-0.0672,-0.0445,False,Center
262,-0.0616,-0.0544,False,Center
263,-0.032,-0.0268,True,Center
264,-0.0721,-0.0144,False,Center
265,-0.0433,0.0003,True,Center
266,-0.0718,0.0003,False,Center
267,-0.0456,-0.0253,True,Center
268,-0.07,-0.0276,False,Center
269,-0.0492,0.0074,True,Center
270,-0.0637,-0.0092,False,Center
271,-0.0605,-0.0069,False,Center
272,-0.061,-0.0095,False,Center
273,-0.0699,0.0,False,Center
274,-0.126,0.0513,False,Center
275,-0.1028,0.0465,False,Center
276,-0.1061,0.0407,False,Center
277,-0.1041,0.0249,False,Center
278,-0.0768,0.0104,False,Center
279,-0.0871,0.0264,False,Center
280,-0.0767,-0.022,False,Center
281,-0.1254,0.0074,False,Center
282,-0.1261,-0.0105,False,Center
283,-0.1717,-0.0184,False,Center
284,-0.1514,-0.0143,False,Center
285,-0.1242,-0.0315,False,Center
286,-0.1118,-0.0418,False,Center
287,-0.0834,-0.037,False,Center
288,-0.0602,-0.014,False,Center
289,-0.0278,-0.027,True,Center
290,-0.0277,-0.0339,True,Center
291,0.0139,-0.0362,True,Center
292,-0.0115,-0.022,True,Center
293,-0.0089,-0.0814,True,Center
294,-0.0224,-0.0719,True,Center
295,-0.0131,-0.0761,True,Center
296,-0.0113,-0.0618,True,Center
297,-0.025,-0.0531,True,Center
298,-0.026,-0.0408,True,Center
299,-0.0133,-0.0493,True,Center
300,-0.0104,-0.0397,True,Center
301,-0.0363,-0.0436,True,Center
302,-0.0374,-0.0202,True,Center
303,-0.0629,-0.0098,False,Center
304,-0.0519,-0.0333,False,Center
305,-0.0643,-0.0211,False,Center
306,-0.0772,-0.0305,False,Center
307,-0.0574,-0.0192,False,Center
308,-0.0834,-0.0209,False,Center
309,-0.0722,-0.0264,False,Center
310,-0.0823,-0.021,False,Center
311,-0.1007,-0.0006,False,Center
312,-0.0711,-0.0372,False,Center
313,-0.0343,-0.0369,True,Center
314,0.0283,-0.0602,True,Center
315,0.0703,-0.0466,False,Center
316,0.0466,0.0213,True,Center
317,0.0923,-0.0691,False,Center
318,-0.0042,-0.0627,True,Center
319,-0.0192,-0.0621,True,Center
320,-0.0524,-0.0289,False,Center
321,-0.0482,-0.0399,True,Center
322,-0.0459,-0.0343,True,Center
323,-0.0376,-0.0447,True,Center
324,-0.0378,-0.039,True,Center
325,-0.0573,-0.0325,False,Center
326,-0.0392,-0.0364,True,Center
327,-0.0414,-0.0279,True,Center
328,-0.0195,-0.0432,True,Center
329,-0.0483,-0.0439,True,Center
330,-0.0491,-0.0389,True,Center
331,-0.0487,-0.04,True,Center
332,-0.0753,-0.0184,False,Center
333,-0.0799,-0.0297,False,Center
334,-0.0424,-0.0348,True,Center
335,-0.0482,-0.0378,True,Center
336,-0.0392,-0.0337,True,Center
337,-0.0392,-0.029,True,Center
338,-0.0362,-0.0357,True,Center
339,-0.0592,-0.0267,False,Center
340,-0.0663,-0.0276,False,Center
341,-0.1761,0.0834,False,Center
599,-0.0554,-0.0084,False,Center
600,-0.2851,0.0432,False,Left
601,-0.0332,0.0148,True,Center
602,-0.11,-0.0176,False,Center
603,-0.0527,-0.0498,False,Center
604,-0.0533,-0.024,False,Center
605,-0.0124,0.0046,True,Center
606,0.035,-0.0962,True,Center
607,-0.1656,-0.0511,False,Center
608,-0.0692,0.0008,False,Center
609,-0.1161,0.0626,False,Center
610,-0.0483,-0.0025,True,Center
611,-0.0596,-0.0062,False,Center
612,-0.0648,-0.0155,False,Center
613,-0.0948,0.0109,False,Center
614,-0.0709,0.0206,False,Center
615,-0.0574,-0.0022,False,Center
616,-0.061,-0.0275,False,Center
617,-0.0706,-0.0112,False,Center
618,-0.0667,-0.0186,False,Center
619,-0.0647,-0.0174,False,Center
620,-0.0633,-0.0166,False,Center
621,-0.0817,-0.0194,False,Center
622,-0.0417,-0.0263,True,Center
623,-0.0537,-0.0154,False,Center
624,-0.0093,-0.0256,True,Center
625,-0.0245,-0.0458,True,Center
626,-0.0643,-0.014,False,Center
627,-0.0734,-0.0249,False,Center
628,-0.0818,-0.0115,False,Center
629,-0.0597,-0.0153,False,Center
630,-0.0464,-0.0274,True,Center
631,-0.0405,-0.026,True,Center
632,-0.025,-0.0339,True,Center
633,-0.0296,-0.0339,True,Center
634,-0.038,-0.0443,True,Center
635,-0.0094,-0.0391,True,Center
636,-0.026,-0.0396,True,Center
637,-0.043,-0.0317,True,Center
638,-0.0417,-0.0455,True,Center
639,-0.0472,-0.0383,True,Center
640,-0.0473,-0.0352,True,Center
641,-0.0411,-0.0233,True,Center
642,-0.0841,-0.0364,False,Center
643,-0.0657,-0.0193,False,Center
644,-0.074,-0.0305,False,Center
645,-0.0593,-0.0292,False,Center
646,-0.07,-0.0094,False,Center
647,-0.1104,0.0002,False,Center
648,-0.069,-0.0119,False,Center
649,-0.0425,-0.0179,True,Center
650,-0.0436,-0.0308,True,Center
651,-0.019,-0.0259,True,Center
652,-0.0572,-0.0251,False,Center
653,-0.0677,-0.0065,False,Center
654,-0.0551,0.0094,False,Center
655,-0.0534,-0.0144,False,Center
656,-0.0637,-0.0239,False,Center
657,-0.0456,-0.0373,True,Center
658,-0.034,-0.0274,True,Center
659,-0.0573,-0.0562,False,Center
660,-0.0478,-0.0417,True,Center
661,-0.0411,-0.0499,True,Center
662,-0.0597,-0.0455,False,Center
663,-0.0754,-0.0395,False,Center
664,-0.0842,-0.0404,False,Center
665,-0.0945,-0.015,False,Center
666,-0.0815,-0.0215,False,Center
667,-0.0552,-0.0294,False,Center
668,-0.0472,-0.0158,True,Center
669,-0.0514,0.0031,False,Center
670,-0.0296,-0.0218,True,Center
671,-0.0563,-0.012,False,Center
672,-0.0466,-0.0174,True,Center
673,-0.0429,-0.0121,True,Center
674,-0.0763,-0.0102,False,Center
675,-0.0478,-0.006,True,Center
676,-0.0521,-0.0259,False,Center
677,-0.0393,-0.0238,True,Center
678,-0.0598,-0.0216,False,Center
679,-0.0646,-0.0452,False,Center
680,-0.0647,-0.0404,False,Center
681,-0.0433,-0.0416,True,Center
682,-0.0648,-0.0414,False,Center
683,-0.0652,-0.0348,False,Center
684,-0.0691,-0.0445,False,Center
685,-0.0601,-0.0619,False,Center
686,-0.0947,-0.0613,False,Center
687,-0.0735,-0.052,False,Center
688,-0.078,-0.0577,False,Center
689,-0.0703,-0.0641,False,Center
690,-0.1025,-0.0506,False,Center
691,-0.085,-0.0597,False,Center
692,-0.0853,-0.0587,False,Center
693,-0.0855,-0.072,False,Center
694,-0.0646,-0.0743,False,Center
695,-0.0981,-0.064,False,Center
696,-0.0782,-0.0669,False,Center
697,-0.0797,-0.0579,False,Center
698,-0.0777,-0.0489,False,Center
699,-0.0806,-0.0593,False,Center
700,-0.0847,-0.0374,False,Center
701,-0.0683,-0.0523,False,Center
702,-0.071,-0.0483,False,Center
703,-0.0852,-0.0372,False,Center
704,-0.0555,-0.0319,False,Center
705,-0.0803,0.0112,False,Center
706,-0.0485,-0.0091,True,Center
707,-0.0633,0.0247,False,Center
708,-0.0599,-0.0296,False,Center
709,-0.0505,-0.0408,False,Center
710,-0.0688,-0.0338,False,Center
711,-0.085,-0.0101,False,Center
712,-0.0813,-0.0418,False,Center
713,-0.1263,-0.0169,False,Center
714,-0.0778,-0.0478,False,Center
715,-0.0746,-0.0467,False,Center
716,-0.1053,-0.0037,False,Center
717,-0.0965,-0.0238,False,Center
718,-0.1142,-0.0117,False,Center
719,-0.0575,-0.013,False,Center
720,-0.0806,-0.036,False,Center
721,-0.1111,-0.0301,False,Center
722,-0.0788,-0.0467,False,Center
723,-0.0846,-0.0355,False,Center
724,-0.0555,-0.0289,False,Center
725,-0.0328,-0.0327,True,Center
726,-0.048,-0.0338,True,Center
727,-0.0585,-0.0235,False,Center
728,-0.0679,-0.0398,False,Center
729,-0.0767,-0.0467,False,Center
730,-0.0537,-0.043,False,Center
731,-0.0441,-0.0331,True,Center
732,-0.0506,-0.0353,False,Center
733,-0.0442,-0.0446,True,Center
734,-0.0618,-0.0302,False,Center
735,-0.0506,-0.0344,False,Center
736,-0.0632,-0.044,False,Center
737,-0.0777,-0.0316,False,Center
738,-0.0701,-0.0319,False,Center
739,-0.0652,-0.0307,False,Center
740,-0.0716,-0.0433,False,Center
741,-0.0716,-0.0443,False,Center
742,-0.0785,-0.0479,False,Center
743,-0.0612,-0.0418,False,Center
744,-0.0667,-0.0429,False,Center
745,-0.055,-0.0577,False,Center
746,-0.0621,-0.0407,False,Center
747,-0.0793,-0.052,False,Center
748,-0.0948,-0.041,False,Center
749,-0.0945,-0.0472,False,Center
750,-0.0882,-0.0476,False,Center
751,-0.0907,-0.0498,False,Center
752,-0.0942,-0.0648,False,Center
753,-0.0625,-0.0455,False,Center
754,-0.0717,-0.0543,False,Center
755,-0.0492,-0.0538,True,Center
756,-0.0533,-0.0429,False,Center
757,-0.0588,-0.0391,False,Center
758,-0.0643,-0.0411,False,Center
759,-0.074,-0.0433,False,Center
760,-0.0767,-0.0441,False,Center
761,-0.1116,-0.0526,False,Center
762,-0.1235,-0.0212,False,Center
763,-0.1035,-0.0544,False,Center
764,-0.0917,-0.0467,False,Center
765,-0.1008,-0.0471,False,Center
766,-0.0818,-0.0546,False,Center
767,-0.1029,-0.0542,False,Center
768,-0.0931,-0.0481,False,Center
769,-0.1257,-0.0418,False,Center
770,-0.1144,-0.0429,False,Center
771,-0.0992,-0.0486,False,Center
772,-0.0919,-0.0544,False,Center
773,-0.0803,-0.0536,False,Center
774,-0.0985,-0.0454,False,Center
775,-0.1082,-0.0508,False,Center
776,-0.1018,-0.0569,False,Center
777,-0.1065,-0.0515,False,Center
778,-0.0976,-0.0451,False,Center
779,-0.1174,-0.0494,False,Center
780,-0.0833,-0.0567,False,Center
781,-0.1175,-0.0455,False,Center
782,-0.0818,-0.0495,False,Center
783,-0.085,-0.0653,False,Center
784,-0.081,-0.057,False,Center
785,-0.0939,-0.0581,False,Center
786,-0.0883,-0.048,False,Center
787,-0.0892,-0.0543,False,Center
788,-0.0929,-0.0534,False,Center
789,-0.0757,-0.029,False,Center
790,-0.0956,-0.0638,False,Center
791,-0.0774,-0.0636,False,Center
792,-0.0917,-0.0578,False,Center
793,-0.0964,-0.0383,False,Center
794,-0.067,-0.0508,False,Center
795,-0.0977,-0.0509,False,Center
796,-0.0949,-0.048,False,Center
797,-0.0922,-0.0482,False,Center
798,-0.0884,-0.0393,False,Center
799,-0.0981,-0.0571,False,Center
800,-0.1181,-0.0539,False,Center
801,-0.0822,-0.0224,False,Center
802,-0.1024,-0.0483,False,Center
803,-0.0831,-0.0533,False,Center
804,-0.0905,-0.025,False,Center
805,-0.0956,-0.017,False,Center
806,-0.0706,-0.0192,False,Center
807,-0.0738,-0.0404,False,Center
808,-0.0696,-0.013,False,Center
809,-0.066,-0.0341,False,Center
810,-0.0822,-0.0418,False,Center
811,-0.0734,-0.0425,False,Center
812,-0.0827,-0.0539,False,Center
813,-0.0772,-0.0565,False,Center
814,-0.0637,-0.0382,False,Center
815,-0.061,-0.0377,False,Center
816,-0.0732,-0.0383,False,Center
817,-0.0204,-0.0074,True,Center
818,-0.0004,-0.0141,True,Center
819,-0.0416,-0.0266,True,Center
820,-0.0773,-0.0366,False,Center
821,-0.0737,-0.0276,False,Center
822,-0.0405,-0.0307,True,Center
823,-0.0268,-0.0439,True,Center
839,-0.1632,0.0617,False,Center
840,-0.012,-0.0074,True,Center
841,-0.0418,-0.0419,True,Center
842,-0.0487,-0.0294,True,Center
843,-0.0462,-0.0432,True,Center
844,-0.0762,-0.0274,False,Center
845,-0.0635,-0.038,False,Center
846,-0.0797,-0.029,False,Center
847,-0.0709,-0.0411,False,Center
848,-0.0616,-0.0142,False,Center
849,-0.0778,-0.0361,False,Center
850,-0.0782,-0.0434,False,Center
851,-0.0791,-0.0394,False,Center
852,-0.0674,-0.0381,False,Center
853,-0.0647,-0.0229,False,Center
854,-0.0734,-0.015,False,Center
855,-0.0605,-0.0046,False,Center
856,-0.153,-0.0421,False,Center
857,-0.1503,-0.0414,False,Center
858,-0.1388,-0.0507,False,Center
859,-0.1692,-0.0488,False,Center
860,-0.1451,-0.039,False,Center
861,-0.1113,-0.0171,False,Center
862,-0.0601,-0.0169,False,Center
863,-0.0509,-0.0526,False,Center
864,-0.0232,-0.0595,True,Center
865,-0.1698,-0.0118,False,Center
879,-0.0142,-0.0359,True,Center
880,-0.0158,-0.0203,True,Center
881,0.0,-0.0482,True,Center
902,-0.0598,-0.0453,False,Center
903,-0.0288,-0.0661,True,Center
904,-0.0323,-0.055,True,Center
905,-0.0717,-0.0306,False,Center
906,-0.0562,-0.0313,False,Center
907,-0.0551,-0.0361,False,Center
908,-0.0711,-0.0448,False,Center
909,-0.0414,-0.0576,True,Center
910,-0.0213,-0.0616,True,Center
911,-0.0519,-0.0521,False,Center
944,-0.0491,-0.0766,True,Center
945,-0.0284,-0.0866,True,Center
946,-0.0328,-0.0771,True,Center
947,-0.0293,-0.0796,True,Center
948,-0.0316,-0.0668,True,Center
949,-0.0739,-0.055,False,Center
950,-0.0651,-0.0603,False,Center
951,-0.0591,-0.0722,False,Center
952,-0.0195,-0.0845,True,Center
953,-0.0226,-0.0736,True,Center
954,-0.0244,-0.0708,True,Center
1008,-0.0327,-0.0843,True,Center
1009,-0.026,-0.0843,True,Center
1010,-0.0302,-0.0907,True,Center
1011,-0.0666,-0.0722,False,Center
1012,-0.0827,-0.065,False,Center
1013,-0.0641,-0.0557,False,Center
1014,-0.0702,-0.0631,False,Center
1015,-0.0703,-0.0397,False,Center
1016,-0.073,-0.0408,False,Center
1017,-0.0584,-0.0284,False,Center
1018,-0.0145,-0.0346,True,Center
1019,-0.0241,0.0162,True,Center
1020,-0.0521,-0.0243,False,Center
1021,-0.0308,-0.0466,True,Center
1022,-0.0261,-0.0555,True,Center
1023,-0.0298,-0.0088,True,Center
1024,-0.01,-0.0234,True,Center
1025,-0.0437,-0.0037,True,Center
1026,-0.0638,-0.0057,False,Center
1027,-0.0614,-0.0036,False,Center
1028,-0.0629,-0.0015,False,Center
1029,-0.0576,0.0003,False,Center
1030,-0.0504,-0.0249,False,Center
1031,-0.056,-0.024,False,Center
1032,-0.041,-0.0221,True,Center
1033,-0.0564,-0.014,False,Center
1034,-0.0555,-0.022,False,Center
1035,-0.0503,-0.0163,False,Center
1036,-0.0428,0.0333,True,Center
1037,-0.0401,-0.0182,True,Center
1038,-0.0549,-0.0242,False,Center
1039,-0.064,-0.0184,False,Center
1040,-0.0423,-0.0304,True,Center
1041,-0.0514,-0.0227,False,Center
1042,-0.0746,-0.0169,False,Center
1043,-0.0586,-0.0421,False,Center
1044,-0.0519,-0.0419,False,Center
1045,-0.0683,-0.032,False,Center
1046,-0.0771,-0.0281,False,Center
1047,-0.0782,-0.0295,False,Center
1048,-0.0538,-0.017,False,Center
1049,-0.0687,-0.0162,False,Center
1050,-0.0502,-0.0369,False,Center
1051,-0.0304,-0.0445,True,Center
1052,-0.0348,-0.0293,True,Center
1053,-0.0583,-0.0249,False,Center
1054,-0.0354,-0.0386,True,Center
1055,-0.029,-0.0343,True,Center
1056,-0.0184,-0.0281,True,Center
1057,-0.0233,-0.0449,True,Center
1058,-0.0291,-0.0409,True,Center
1059,-0.016,-0.0501,True,Center
1060,-0.0131,-0.0412,True,Center
1061,-0.0336,-0.0434,True,Center
1062,-0.0391,-0.0459,True,Center
1063,-0.0178,-0.0397,True,Center
1064,-0.0068,0.0673,True,Center
1065,-0.0398,-0.0364,True,Center
1066,-0.0577,-0.0349,False,Center
1067,-0.0566,-0.0441,False,Center
1068,-0.0547,-0.0282,False,Center
1069,-0.0447,-0.031,True,Center
1070,-0.0255,-0.0201,True,Center
1071,-0.0074,-0.0209,True,Center
1072,-0.0197,-0.0134,True,Center
1073,-0.0205,-0.015,True,Center
1074,-0.0206,-0.0202,True,Center
1075,-0.0324,-0.0222,True,Center
1076,-0.0329,-0.034,True,Center
1077,-0.0323,-0.0367,True,Center
1078,-0.0272,-0.0273,True,Center
1079,-0.0316,-0.0333,True,Center
1080,-0.0361,-0.0266,True,Center
1081,-0.0184,-0.0298,True,Center
1082,-0.0202,-0.0395,True,Center
1083,-0.0397,-0.0313,True,Center
1084,-0.0184,-0.0405,True,Center
1085,-0.0361,-0.0292,True,Center
1086,-0.0453,-0.0219,True,Center
1087,-0.037,-0.0444,True,Center
1088,-0.0271,-0.0182,True,Center
1089,-0.0341,-0.0365,True,Center
1090,-0.0407,-0.044,True,Center
1091,-0.0262,-0.0417,True,Center
1092,-0.031,-0.033,True,Center
1093,-0.0381,-0.0323,True,Center
1094,-0.0444,-0.0429,True,Center
1095,-0.0351,-0.035,True,Center
1096,-0.04,0.0676,True,Center
1097,-0.0497,-0.0127,True,Center
1098,-0.0625,-0.0203,False,Center
1099,-0.0713,-0.0117,False,Center
1100,-0.1037,-0.0213,False,Center
1101,-0.0583,-0.0309,False,Center
1102,-0.0888,0.0241,False,Center
1103,-0.0649,-0.0449,False,Center
1104,-0.0257,-0.0795,True,Center
1105,-0.0315,-0.092,True,Center
1106,-0.0591,-0.1301,False,Center
1107,0.0067,-0.0945,True,Center
1108,-0.0114,-0.0733,True,Center
1109,-0.0576,-0.0789,False,Center
1110,-0.0667,-0.0739,False,Center
1111,-0.063,-0.0622,False,Center
1112,-0.0588,-0.0603,False,Center
1113,0.0984,-0.0025,False,Center
1114,0.0988,0.0027,False,Center
1115,-0.0216,-0.0891,True,Center
1116,-0.0447,-0.0522,True,Center
1117,-0.1386,-0.0365,False,Center
1118,-0.1144,0.0207,False,Center
1119,-0.1227,-0.0119,False,Center
1120,-0.0701,-0.0693,False,Center
1121,-0.0576,-0.0751,False,Center
1122,-0.0649,-0.0763,False,Center
1123,-0.0857,-0.0637,False,Center
1124,-0.0876,-0.0674,False,Center
1125,-0.0877,-0.0522,False,Center
1126,-0.052,-0.0113,False,Center
1127,0.0391,-0.0136,True,Center
1128,-0.1666,0.0262,False,Center
1129,-0.0895,-0.0469,False,Center
1130,-0.0871,-0.0656,False,Center
1131,-0.0666,-0.0734,False,Center
1132,-0.0497,-0.0748,True,Center
1133,0.0107,-0.0913,True,Center
1134,-0.0032,-0.0723,True,Center
1135,-0.0168,-0.077,True,Center
1136,-0.0157,-0.0778,True,Center
1137,-0.0249,-0.0648,True,Center
1138,-0.0574,-0.0957,False,Center
1139,-0.0575,-0.0659,False,Center
1140,-0.0486,-0.0623,True,Center
1141,-0.056,-0.0888,False,Center
1142,-0.0455,-0.0896,True,Center
1143,-0.0249,-0.0839,True,Center
1144,-0.0087,-0.0831,True,Center
1145,-0.0336,-0.073,True,Center
1146,-0.0525,-0.0471,False,Center
1147,-0.048,-0.0286,True,Center
1148,-0.0564,-0.0259,False,Center
1149,-0.076,0.0072,False,Center
1150,-0.064,-0.0217,False,Center
1151,-0.0472,-0.026,True,Center
1152,-0.0561,-0.0134,False,Center
1153,-0.0508,-0.0164,False,Center
1154,-0.059,-0.0077,False,Center
1155,-0.0429,-0.0239,True,Center
1156,-0.0592,-0.0224,False,Center
1157,-0.0538,-0.0194,False,Center
1158,-0.0413,-0.0131,True,Center
1159,-0.051,-0.0195,False,Center
1160,-0.0512,-0.0399,False,Center
1161,-0.0637,-0.0386,False,Center
1162,-0.0672,-0.0095,False,Center
1163,-0.0634,-0.042,False,Center
1164,-0.0622,-0.0337,False,Center
1165,-0.0557,-0.0311,False,Center
1166,-0.0643,-0.0314,False,Center
1167,-0.073,-0.0318,False,Center
1168,-0.0597,-0.037,False,Center
1169,-0.0683,-0.0483,False,Center
1170,-0.0705,-0.0461,False,Center
1171,-0.0692,-0.047,False,Center
1172,-0.0709,-0.0392,False,Center
1173,-0.0777,-0.0429,False,Center
1174,-0.082,-0.0433,False,Center
1175,-0.0822,-0.0452,False,Center
1176,-0.084,-0.0465,False,Center
1177,-0.0638,-0.0358,False,Center
1178,-0.0608,-0.0434,False,Center
1179,-0.0801,-0.0479,False,Center
1180,-0.0671,-0.0329,False,Center
1181,-0.0767,-0.0533,False,Center
1182,-0.0814,-0.0486,False,Center
1183,-0.0682,-0.0363,False,Center
1184,-0.0756,-0.0486,False,Center
1185,-0.0709,-0.0393,False,Center
1186,-0.0874,-0.0437,False,Center
1187,-0.0338,-0.0229,True,Center
1188,0.0078,0.0134,True,Center
1189,0.0052,-0.0081,True,Center
1190,-0.0234,-0.0067,True,Center
1191,-0.0797,-0.0455,False,Center
1192,-0.0783,-0.0463,False,Center
1193,-0.0863,-0.0538,False,Center
1194,-0.0839,-0.0459,False,Center
1195,-0.0733,-0.0459,False,Center
1196,-0.0704,-0.0435,False,Center
1197,-0.0687,-0.0478,False,Center
1198,-0.0752,-0.035,False,Center
1199,-0.0543,-0.0495,False,Center
1200,-0.0654,-0.0415,False,Center
1201,-0.0756,-0.0533,False,Center
1202,-0.0529,-0.0463,False,Center
1203,-0.0506,-0.0245,False,Center
1204,-0.0582,-0.0368,False,Center
1205,-0.0549,-0.0317,False,Center
1206,-0.0765,-0.0407,False,Center
1207,-0.0621,-0.047,False,Center
1208,-0.0703,-0.0477,False,Center
1209,-0.0863,-0.0555,False,Center
1210,-0.0856,-0.0478,False,Center
1211,-0.055,-0.0462,False,Center
1212,-0.058,-0.0474,False,Center
1213,-0.0594,-0.0397,False,Center
1214,-0.0607,-0.038,False,Center
1215,-0.0548,-0.0466,False,Center
1216,-0.0601,-0.0426,False,Center
1217,-0.0663,-0.053,False,Center
1218,-0.0644,-0.0424,False,Center
1219,-0.0297,-0.0597,True,Center
1220,-0.034,-0.0598,True,Center
1221,-0.037,-0.0628,True,Center
1222,-0.0406,-0.051,True,Center
1223,-0.0458,-0.0491,True,Center
1224,-0.0386,-0.0506,True,Center
1225,-0.0431,-0.0517,True,Center
1226,-0.057,-0.0484,False,Center
1227,-0.0832,-0.0495,False,Center
1228,-0.0545,-0.048,False,Center
1229,-0.0387,-0.0543,True,Center
1230,-0.0559,-0.0536,False,Center
1231,-0.0438,-0.0489,True,Center
1232,-0.063,-0.0562,False,Center
1233,-0.0585,-0.0496,False,Center
1234,-0.038,-0.0539,True,Center
1235,-0.0225,-0.0473,True,Center
1236,-0.0326,-0.0545,True,Center
1237,-0.0146,-0.0476,True,Center
1238,-0.0385,-0.065,True,Center
1239,-0.0444,-0.0553,True,Center
1240,-0.0497,-0.038,True,Center
1241,-0.0579,-0.0262,False,Center
1242,-0.0496,-0.0285,True,Center
1243,-0.0611,-0.0425,False,Center
1244,-0.0711,-0.0116,False,Center
1245,-0.065,-0.0115,False,Center
1246,-0.0372,-0.0241,True,Center
1247,-0.0468,-0.05,True,Center
1248,-0.0379,-0.0679,True,Center
1249,-0.04,-0.0717,True,Center
1250,-0.023,-0.0719,True,Center
1251,-0.0228,-0.0575,True,Center
1252,-0.0279,-0.0704,True,Center
1253,-0.0257,-0.0596,True,Center
1254,-0.0307,-0.0592,True,Center
1255,-0.0389,-0.0584,True,Center
1256,-0.0813,-0.0628,False,Center
1257,-0.0677,-0.061,False,Center
1258,-0.0859,-0.0149,False,Center
1259,-0.0909,-0.0059,False,Center
1260,-0.0894,-0.017,False,Center
1261,-0.089,-0.0355,False,Center
1262,-0.059,-0.0269,False,Center
1263,-0.0701,-0.0397,False,Center
1264,-0.0701,-0.0306,False,Center
1265,-0.0686,-0.0307,False,Center
1266,-0.0742,-0.0294,False,Center
1267,-0.0632,-0.0082,False,Center
1268,-0.0651,-0.0112,False,Center
1269,-0.0751,-0.0182,False,Center
1270,-0.0785,-0.0315,False,Center
1271,-0.0767,-0.0386,False,Center
1272,-0.074,-0.0248,False,Center
1273,-0.0647,-0.0326,False,Center
1274,0.0492,0.038,True,Center
1275,0.0095,0.0304,True,Center
1276,0.0168,0.018,True,Center
1277,-0.0733,-0.0365,False,Center
1278,-0.0701,-0.0375,False,Center
1279,-0.0809,-0.0345,False,Center
1280,-0.0727,-0.0378,False,Center
1281,-0.081,-0.0414,False,Center
1282,-0.0698,-0.0347,False,Center
1283,-0.0795,-0.0365,False,Center
1284,-0.0705,-0.0348,False,Center
1285,-0.072,-0.0309,False,Center
1286,-0.0636,-0.0406,False,Center
1287,-0.0779,-0.0395,False,Center
1288,-0.086,-0.0461,False,Center
1289,-0.1013,-0.042,False,Center
1290,-0.1111,-0.0497,False,Center
1291,-0.0713,-0.0334,False,Center
1292,-0.0754,-0.0389,False,Center
1293,-0.0845,-0.0287,False,Center
1294,-0.0657,-0.0315,False,Center
1295,-0.035,-0.0548,True,Center
1296,-0.0444,-0.0497,True,Center
1297,-0.0338,-0.0677,True,Center
1298,-0.0347,-0.0502,True,Center
1299,-0.0393,-0.0574,True,Center
1300,-0.0662,-0.0379,False,Center
1301,-0.073,-0.0378,False,Center
1302,-0.0601,-0.0472,False,Center
1303,-0.0945,-0.046,False,Center
1304,-0.0587,-0.0393,False,Center
1305,-0.0703,-0.0436,False,Center
1306,-0.0702,-0.0386,False,Center
1307,-0.0679,-0.0267,False,Center
1308,0.0359,0.0223,True,Center
1309,0.0653,0.013,False,Center
1310,-0.0695,-0.0277,False,Center
1311,-0.0692,-0.0434,False,Center
1312,-0.08,-0.0516,False,Center
1313,-0.0865,-0.0397,False,Center
1314,-0.055,-0.0158,False,Center
1315,0.0179,0.0033,True,Center
1316,-0.0866,-0.0407,False,Center
1317,-0.0784,-0.0476,False,Center
1318,-0.0734,-0.046,False,Center
1319,-0.0722,-0.0414,False,Center
1320,-0.0715,-0.0304,False,Center
1321,-0.0673,-0.0497,False,Center
1322,-0.0698,-0.0474,False,Center
1323,-0.0701,-0.0419,False,Center
1324,-0.0646,-0.0554,False,Center
1325,-0.0715,-0.0443,False,Center
1326,-0.0612,-0.0494,False,Center
1327,-0.0756,-0.0491,False,Center
1328,-0.0674,-0.056,False,Center
1329,-0.0711,-0.0401,False,Center
1330,-0.0651,-0.0501,False,Center
1331,-0.0649,-0.0373,False,Center
1332,-0.079,-0.0638,False,Center
1333,-0.0754,-0.057,False,Center
1334,-0.0793,-0.0709,False,Center
1335,-0.0895,-0.055,False,Center
1336,-0.0789,-0.0537,False,Center
1337,-0.0745,-0.0605,False,Center
1338,-0.0767,-0.0499,False,Center
1339,-0.0909,-0.0666,False,Center
1340,-0.0822,-0.064,False,Center
1341,-0.0744,-0.0394,False,Center
1342,-0.0668,-0.0465,False,Center
1343,-0.0658,-0.0506,False,Center
1344,-0.0562,-0.0459,False,Center
1345,-0.0607,-0.0571,False,Center
1346,-0.0607,-0.0542,False,Center
1347,-0.0631,-0.0484,False,Center
1348,-0.0547,-0.0511,False,Center
1349,-0.0571,-0.0392,False,Center
1350,-0.0565,-0.0454,False,Center
1351,-0.0531,-0.0461,False,Center
1352,-0.0569,-0.0521,False,Center
1353,-0.0648,-0.048,False,Center
1354,-0.0611,-0.04,False,Center
1355,-0.0345,-0.0445,True,Center
1356,-0.0418,-0.0369,True,Center
1357,-0.0467,-0.0328,True,Center
1358,-0.0378,-0.0394,True,Center
1359,-0.0581,-0.0385,False,Center
1360,-0.0697,-0.042,False,Center
1361,-0.0711,-0.0205,False,Center
1362,-0.0563,-0.0095,False,Center
1363,-0.0742,-0.0022,False,Center
1364,-0.0729,-0.0186,False,Center
1365,-0.0647,-0.0263,False,Center
1366,-0.0705,-0.0322,False,Center
1367,-0.0671,-0.0151,False,Center
1368,-0.0662,-0.0158,False,Center
1369,-0.0742,-0.0207,False,Center
1370,-0.0652,-0.0347,False,Center
1371,-0.0511,-0.0421,False,Center
1372,-0.0638,-0.0268,False,Center
1373,-0.0686,-0.0533,False,Center
1374,-0.0619,-0.0281,False,Center
1375,-0.0646,-0.0027,False,Center
1376,-0.0531,0.0127,False,Center
1377,-0.0606,0.0062,False,Center
1378,-0.0533,0.0194,False,Center
1379,-0.041,-0.0049,True,Center
1380,-0.0502,0.0051,False,Center
1381,-0.0575,0.0117,False,Center
1382,-0.063,0.0199,False,Center
1383,-0.055,0.0123,False,Center
1384,-0.0649,-0.0296,False,Center
1385,-0.0714,-0.0252,False,Center
1386,-0.0709,-0.0237,False,Center
1387,-0.0738,-0.0232,False,Center
1388,-0.0771,-0.0153,False,Center
1389,-0.075,-0.0135,False,Center
1390,-0.0787,-0.0262,False,Center
1391,-0.089,-0.0281,False,Center
1392,-0.0592,-0.0161,False,Center
1393,-0.0732,-0.0273,False,Center
1394,-0.0684,0.0022,False,Center
1395,-0.0696,-0.0054,False,Center
1396,-0.0673,-0.0063,False,Center
1397,-0.0828,-0.0118,False,Center
1398,-0.0867,-0.0214,False,Center
1399,-0.0831,-0.0239,False,Center
1400,-0.0911,-0.0123,False,Center
1401,-0.0689,-0.0169,False,Center
1402,-0.0638,-0.02,False,Center
1403,-0.0617,-0.0161,False,Center
1404,-0.074,-0.0346,False,Center
1405,-0.0713,-0.0378,False,Center
1406,-0.083,-0.0328,False,Center
1407,-0.0568,-0.0409,False,Center
1408,-0.0618,-0.0184,False,Center
1409,-0.0601,-0.0357,False,Center
1410,-0.0505,-0.0282,False,Center
1411,-0.0733,-0.0342,False,Center
1412,-0.0706,-0.0223,False,Center
1413,-0.0702,-0.03,False,Center
1414,-0.0631,-0.0274,False,Center
1415,-0.0517,-0.0264,False,Center
1416,-0.0702,-0.0413,False,Center
1417,-0.06,-0.0307,False,Center
1418,-0.0507,-0.0072,False,Center
1419,-0.0516,-0.0033,False,Center
1420,-0.0341,-0.0013,True,Center
1421,-0.0448,-0.005,True,Center
1422,-0.0621,-0.0164,False,Center
1423,-0.0645,-0.0214,False,Center
1424,-0.0831,-0.022,False,Center
1425,-0.0842,-0.038,False,Center
1426,-0.0594,-0.0305,False,Center
1427,-0.0732,-0.0272,False,Center
1428,-0.0601,-0.029,False,Center
1429,-0.0102,0.0495,True,Center
1430,-0.0786,-0.0596,False,Center
1431,-0.0752,-0.0379,False,Center
1432,-0.0703,-0.0404,False,Center
1433,-0.0765,-0.0457,False,Center
1434,-0.065,-0.0386,False,Center
1435,-0.0904,-0.0428,False,Center
1436,-0.0859,-0.0545,False,Center
1437,-0.0682,-0.0463,False,Center
1438,-0.066,-0.0453,False,Center
1439,-0.0628,0.0084,False,Center
1440,-0.0438,-0.0403,True,Center
1441,-0.0259,-0.018,True,Center
1442,-0.0363,-0.0294,True,Center
1443,-0.0402,-0.0209,True,Center
1444,-0.0389,-0.0403,True,Center
1445,-0.043,-0.0337,True,Center
1446,-0.0413,-0.0394,True,Center
1447,-0.0255,-0.0445,True,Center
1448,-0.0301,-0.0412,True,Center
1449,-0.0469,-0.0493,True,Center
1450,-0.0426,-0.0393,True,Center
1451,-0.0572,-0.0496,False,Center
1452,-0.0423,-0.0427,True,Center
1453,-0.0423,-0.0395,True,Center
1454,-0.0363,-0.0409,True,Center
1455,-0.0503,-0.0473,False,Center
1456,-0.0553,-0.0309,False,Center
1457,-0.0351,-0.046,True,Center
1458,-0.0188,-0.0254,True,Center
1459,0.0092,-0.0107,True,Center
1460,0.0454,-0.0154,True,Center
1461,-0.0323,-0.023,True,Center
1462,-0.0341,-0.0186,True,Center
1463,-0.0359,-0.0089,True,Center
1464,-0.0225,-0.0238,True,Center
1465,-0.0499,-0.021,True,Center
1466,-0.0347,-0.0254,True,Center
1467,-0.0421,-0.0278,True,Center
1468,-0.0476,-0.0236,True,Center
1469,-0.0362,-0.0203,True,Center
1470,-0.032,-0.0296,True,Center
1471,-0.0477,-0.0363,True,Center
1472,-0.0343,-0.0348,True,Center
1473,-0.0273,-0.0379,True,Center
1474,-0.0402,-0.0299,True,Center
1475,-0.0321,-0.0382,True,Center
1476,-0.0498,-0.0372,True,Center
1477,-0.0506,-0.0388,False,Center
1478,-0.0518,-0.0334,False,Center
1479,-0.0478,-0.0463,True,Center
1480,-0.0498,-0.0451,True,Center
1481,-0.0544,-0.0386,False,Center
1482,-0.0569,-0.0365,False,Center
1483,-0.0683,-0.0345,False,Center
1484,-0.0604,-0.0338,False,Center
1485,-0.0578,-0.0364,False,Center
1486,-0.0581,-0.0374,False,Center
1487,-0.0637,-0.0364,False,Center
1488,-0.056,-0.0369,False,Center
1489,-0.0541,-0.0287,False,Center
1490,-0.0483,-0.0211,True,Center
1491,-0.0523,-0.0387,False,Center
1492,-0.0558,-0.0388,False,Center
1493,-0.0567,-0.034,False,Center
1494,-0.0683,-0.0379,False,Center
1495,-0.0613,-0.0301,False,Center
1496,-0.0695,-0.0265,False,Center
1497,-0.0682,-0.0338,False,Center
1498,-0.0751,-0.0397,False,Center
1499,-0.069,-0.0297,False,Center
1500,-0.0664,-0.0263,False,Center
1501,-0.0641,-0.0323,False,Center
1502,-0.0629,-0.0477,False,Center
1503,-0.0692,-0.0353,False,Center
1504,-0.0654,-0.0378,False,Center
1505,-0.0702,-0.0372,False,Center
1506,-0.0704,-0.0329,False,Center
1507,-0.0548,-0.0325,False,Center
1508,-0.0736,-0.0278,False,Center
1509,-0.0762,-0.0124,False,Center
1510,-0.0648,0.004,False,Center
1511,-0.0676,-0.0356,False,Center
1512,-0.0932,-0.0372,False,Center
1513,-0.0871,-0.0426,False,Center
1514,-0.0859,-0.0252,False,Center
1515,-0.0745,-0.0358,False,Center
1516,-0.0519,-0.0236,False,Center
1517,-0.0731,-0.0243,False,Center
1518,-0.0703,-0.0243,False,Center
1519,-0.0752,-0.0232,False,Center
1520,-0.0746,-0.0178,False,Center
1521,-0.0788,-0.021,False,Center
1522,-0.068,-0.0344,False,Center
1523,-0.074,-0.0333,False,Center
1524,-0.0713,-0.0415,False,Center
1525,-0.0676,-0.0337,False,Center
1526,-0.0598,-0.0346,False,Center
1527,-0.0705,-0.0326,False,Center
1528,-0.0737,-0.0247,False,Center
1529,-0.0761,-0.0359,False,Center
1530,-0.0806,-0.0433,False,Center
1531,-0.0824,-0.0371,False,Center
1532,-0.0673,-0.0408,False,Center
1533,-0.0714,-0.0306,False,Center
1534,-0.0675,-0.0268,False,Center
1535,-0.0756,-0.0406,False,Center
1536,-0.0817,-0.0363,False,Center
1537,-0.0714,-0.0287,False,Center
1538,-0.069,-0.0248,False,Center
1539,-0.0836,-0.037,False,Center
1540,-0.036,-0.0023,True,Center
1541,-0.0239,-0.0363,True,Center
1542,-0.0242,-0.0455,True,Center
1543,-0.0337,-0.0505,True,Center
1544,-0.0235,-0.0549,True,Center
1545,-0.0368,-0.0439,True,Center
1546,-0.0285,-0.0416,True,Center
1547,-0.0859,-0.0503,False,Center
1548,0.0054,-0.0373,True,Center
1549,0.0176,0.0092,True,Center
1550,-0.0492,-0.0183,True,Center
1551,-0.0606,-0.0302,False,Center
1552,-0.0658,-0.0487,False,Center
1553,-0.0599,-0.0361,False,Center
1554,-0.0502,-0.0377,False,Center
1555,-0.0684,-0.0297,False,Center
1556,-0.0484,-0.037,True,Center
1557,-0.0467,-0.0256,True,Center
1558,-0.0549,-0.0276,False,Center
1559,-0.0509,-0.0308,False,Center
1560,-0.0684,-0.0395,False,Center
1561,-0.0581,-0.028,False,Center
1562,-0.0659,-0.0276,False,Center
1563,-0.0486,-0.0307,True,Center
1564,-0.0765,-0.0338,False,Center
1565,-0.0667,-0.0313,False,Center
1566,-0.0522,-0.0315,False,Center
1567,-0.0542,-0.0361,False,Center
1568,-0.0779,-0.0271,False,Center
1569,-0.0693,-0.0242,False,Center
1570,-0.0676,-0.027,False,Center
1571,-0.0756,-0.0269,False,Center
1572,-0.0758,-0.0344,False,Center
1573,-0.076,-0.0351,False,Center
1574,-0.0762,0.016,False,Center
1575,-0.0674,-0.0207,False,Center
1576,-0.0706,-0.0229,False,Center
1577,-0.0683,-0.0271,False,Center
1578,-0.0795,-0.027,False,Center
1579,-0.0584,-0.0345,False,Center
1580,-0.0678,-0.0352,False,Center
1581,-0.0683,-0.0427,False,Center
1582,-0.0664,0.0059,False,Center
1583,-0.0694,-0.0371,False,Center
1584,-0.0636,-0.0316,False,Center
1585,-0.0735,-0.0344,False,Center
1586,-0.072,-0.0284,False,Center
1587,-0.0763,-0.0273,False,Center
1588,-0.0748,-0.0307,False,Center
1589,-0.0689,-0.0295,False,Center
1590,-0.0701,-0.0297,False,Center
1591,-0.0709,-0.0372,False,Center
1592,-0.0795,-0.0348,False,Center
1593,-0.0552,-0.0356,False,Center
1594,-0.0741,-0.0322,False,Center
1595,-0.0544,-0.0377,False,Center
1596,-0.0742,-0.0275,False,Center
1597,-0.0855,-0.0252,False,Center
1598,-0.0597,-0.0301,False,Center
1599,-0.0608,-0.0263,False,Center
1600,-0.0732,-0.0373,False,Center
1601,-0.0746,-0.0269,False,Center
1602,-0.0697,-0.0357,False,Center
1603,-0.0477,-0.0464,True,Center
1604,-0.0731,-0.0374,False,Center
1605,-0.0668,-0.0336,False,Center
1606,-0.0346,-0.0438,True,Center
1607,-0.043,-0.0325,True,Center
1608,-0.0664,-0.0281,False,Center
1609,-0.0685,-0.0561,False,Center
1610,-0.0329,-0.0579,True,Center
1611,-0.0068,-0.0815,True,Center
1612,-0.0608,-0.0458,False,Center
1613,-0.0772,-0.0424,False,Center
1614,-0.0747,-0.0531,False,Center
1615,-0.0387,-0.0451,True,Center
1616,-0.0562,-0.0522,False,Center
1617,-0.0509,-0.056,False,Center
1618,-0.0739,-0.0423,False,Center
1619,-0.0585,-0.0359,False,Center
1620,-0.0491,-0.0585,True,Center
1621,-0.0313,-0.0424,True,Center
1622,-0.0539,-0.0586,False,Center
1623,-0.0651,-0.0424,False,Center
1624,-0.0625,-0.0297,False,Center
1625,-0.0703,-0.0413,False,Center
1626,-0.0632,-0.0389,False,Center
1627,-0.0638,-0.0471,False,Center
1628,-0.0464,-0.0639,True,Center
1629,-0.0262,-0.0723,True,Center
1630,-0.0404,-0.0767,True,Center
1631,-0.0682,-0.0377,False,Center
1632,-0.0683,-0.0356,False,Center
1633,-0.0713,-0.0486,False,Center
1634,-0.0388,-0.0419,True,Center
1635,-0.033,-0.0405,True,Center
1636,-0.0365,-0.0543,True,Center
1637,-0.0501,-0.0432,False,Center
1638,-0.0498,-0.0507,True,Center
1639,-0.0598,-0.0423,False,Center
1640,-0.0519,-0.0418,False,Center
1641,-0.0749,-0.0374,False,Center
1642,-0.0492,-0.0262,True,Center
1643,-0.0515,-0.0306,False,Center
1644,-0.0594,-0.0164,False,Center
1645,-0.0775,-0.0148,False,Center
1646,-0.0652,-0.0179,False,Center
1647,-0.0497,-0.0079,True,Center
1648,-0.0619,-0.0549,False,Center
1649,-0.0581,-0.0393,False,Center
1650,-0.0651,-0.0325,False,Center
1651,-0.0706,-0.0202,False,Center
1652,-0.0587,-0.0295,False,Center
1653,0.0515,-0.0551,False,Center
1654,-0.1487,-0.0627,False,Center
1655,-0.0405,-0.0634,True,Center
1656,-0.0243,-0.0574,True,Center
1657,-0.0193,-0.0643,True,Center
1658,-0.0571,-0.0543,False,Center
1659,-0.0247,-0.0584,True,Center
1660,-0.0339,-0.0624,True,Center
1663,0.0457,-0.018,True,Center
1664,-0.0417,-0.0395,True,Center
1665,-0.0377,-0.0209,True,Center
1666,-0.0435,-0.0296,True,Center
1667,-0.0347,-0.0146,True,Center
1668,-0.0433,-0.013,True,Center
1754,-0.0281,0.0084,True,Center
1755,-0.0505,-0.0233,False,Center
1756,-0.0539,-0.0387,False,Center
1757,-0.0514,-0.0366,False,Center
1758,-0.056,-0.0236,False,Center
1759,-0.0575,-0.02,False,Center
1760,-0.0676,-0.0175,False,Center
1761,-0.125,-0.0403,False,Center
1762,-0.0791,-0.0413,False,Center
1763,-0.0749,-0.0449,False,Center
1764,-0.0594,-0.0258,False,Center
1765,-0.069,-0.0363,False,Center
1766,-0.0895,-0.0497,False,Center
1767,-0.0784,-0.0352,False,Center
1768,-0.0893,-0.0363,False,Center
1769,-0.0851,-0.0342,False,Center
1770,-0.0813,-0.0235,False,Center
1771,-0.1454,0.0004,False,Center
1772,-0.1721,-0.0101,False,Center
1773,-0.1833,-0.0513,False,Center
1774,-0.1717,-0.0129,False,Center
1775,-0.193,-0.0338,False,Center
1776,-0.1754,-0.0398,False,Center
1777,-0.164,-0.0346,False,Center
1778,-0.1657,-0.0295,False,Center
1779,-0.164,-0.0372,False,Center
1780,-0.1761,-0.0334,False,Center
1781,-0.1679,-0.0457,False,Center
1782,-0.164,-0.0362,False,Center
1783,-0.1705,-0.0427,False,Center
1784,-0.1743,-0.0295,False,Center
1785,-0.1744,-0.0429,False,Center
1786,-0.1809,-0.0375,False,Center
1787,-0.1618,-0.0335,False,Center
1788,-0.1678,-0.0298,False,Center
1789,-0.0252,0.0645,True,Center
1790,-0.1018,0.0113,False,Center
1791,-0.0767,-0.0446,False,Center
1792,-0.0677,-0.0325,False,Center
1793,-0.0511,-0.0362,False,Center
1794,-0.0599,-0.0328,False,Center
1795,-0.0593,-0.036,False,Center
1796,-0.0904,-0.0498,False,Center
1797,-0.0893,-0.031,False,Center
1798,-0.1157,-0.0358,False,Center
1799,-0.122,-0.0151,False,Center
1800,-0.1479,-0.0274,False,Center
1801,-0.1473,-0.0327,False,Center
1802,-0.1535,-0.0415,False,Center
1803,-0.15,-0.0326,False,Center
1804,-0.1509,-0.0391,False,Center
1805,-0.1371,-0.0312,False,Center
1806,-0.1403,-0.0311,False,Center
1807,-0.1517,-0.0346,False,Center
1808,-0.1399,-0.0315,False,Center
1809,-0.1455,-0.033,False,Center
1810,-0.1449,-0.0378,False,Center
1811,-0.1312,-0.0344,False,Center
1812,-0.0016,0.0322,True,Center
1813,0.0325,0.0416,True,Center
1814,0.0099,0.0307,True,Center
1815,-0.0754,0.0064,False,Center
1816,-0.1392,-0.0398,False,Center
1817,-0.1468,-0.0325,False,Center
1818,-0.1416,-0.0289,False,Center
1819,-0.1377,-0.0221,False,Center
1820,-0.1357,-0.0325,False,Center
1821,-0.1485,-0.0329,False,Center
1822,-0.1344,-0.04,False,Center
1823,-0.1541,-0.0391,False,Center
1824,-0.1422,-0.0173,False,Center
1825,-0.1541,-0.032,False,Center
1826,-0.156,-0.0341,False,Center
1827,-0.1845,-0.0411,False,Center
1828,-0.1746,-0.0386,False,Center
1829,-0.1462,-0.0335,False,Center
1830,-0.1564,-0.0358,False,Center
1831,-0.1562,-0.0278,False,Center
1832,-0.1615,-0.0434,False,Center
1833,-0.1628,-0.0363,False,Center
1834,-0.1584,-0.0343,False,Center
1835,-0.1601,-0.0307,False,Center
1836,-0.1472,-0.0377,False,Center
1837,-0.1361,-0.0487,False,Center
1838,-0.1013,-0.0427,False,Center
1839,-0.101,-0.0321,False,Center
1840,-0.0749,-0.0321,False,Center
1841,-0.09,-0.0353,False,Center
1842,-0.0829,-0.0335,False,Center
1843,-0.0785,-0.0389,False,Center
1844,-0.0994,-0.0382,False,Center
1845,-0.0854,-0.0415,False,Center
1846,-0.0806,-0.0408,False,Center
1847,-0.1025,-0.0323,False,Center
1848,-0.0794,-0.0333,False,Center
1849,-0.0871,-0.0385,False,Center
1850,-0.0602,-0.025,False,Center
1851,-0.0857,-0.0295,False,Center
1852,-0.0619,-0.0268,False,Center
1853,-0.0733,-0.0169,False,Center
1854,-0.0687,-0.0208,False,Center
1855,-0.0795,-0.0339,False,Center
1856,-0.0688,-0.0362,False,Center
1857,-0.0769,-0.0278,False,Center
1858,-0.0863,0.0048,False,Center
1859,-0.0373,-0.0246,True,Center
1860,-0.042,-0.0172,True,Center
1861,-0.0491,-0.0284,True,Center
1862,-0.0576,-0.0244,False,Center
1863,-0.0565,-0.0334,False,Center
1864,-0.0492,-0.0363,True,Center
1865,-0.0672,-0.027,False,Center
1866,-0.0622,-0.025,False,Center
1867,-0.0615,-0.023,False,Center
1868,-0.0677,-0.037,False,Center
1869,-0.0539,-0.0156,False,Center
1870,-0.0383,-0.0351,True,Center
1871,-0.0392,-0.0439,True,Center
1872,-0.0612,-0.0313,False,Center
1873,0.0358,0.0334,True,Center
1874,0.0158,0.0266,True,Center
1875,-0.0614,-0.0335,False,Center
1876,-0.0639,-0.0295,False,Center
1877,-0.0598,-0.0215,False,Center
1878,-0.0607,-0.0234,False,Center
1879,-0.0732,-0.0337,False,Center
1880,-0.0482,-0.0371,True,Center
1881,-0.0579,-0.0363,False,Center
1882,-0.0649,-0.0385,False,Center
1883,-0.0433,-0.0279,True,Center
1884,-0.0884,-0.0412,False,Center
1885,-0.0705,-0.0391,False,Center
1886,-0.0432,-0.0403,True,Center
1887,-0.0544,-0.0373,False,Center
1888,-0.0477,-0.0554,True,Center
1889,-0.0369,-0.0572,True,Center
1890,-0.0473,-0.0484,True,Center
1891,-0.0525,-0.0529,False,Center
1892,-0.053,-0.0588,False,Center
1893,-0.0541,-0.0435,False,Center
1894,-0.0453,-0.0482,True,Center
1895,-0.042,-0.0473,True,Center
1896,-0.0405,-0.0521,True,Center
1897,-0.0587,-0.0271,False,Center
1898,-0.1177,-0.0486,False,Center
1899,-0.0808,-0.0411,False,Center
1900,-0.0922,-0.046,False,Center
1901,-0.0715,-0.0244,False,Center
1902,-0.0938,-0.0307,False,Center
1903,-0.061,-0.0323,False,Center
1904,-0.0716,-0.0434,False,Center
1905,-0.0769,-0.0308,False,Center
1906,-0.087,-0.0472,False,Center
1907,-0.0897,-0.0483,False,Center
1908,-0.0955,-0.0314,False,Center
1909,-0.0946,-0.0453,False,Center
1910,-0.0945,-0.043,False,Center
1911,-0.0983,-0.0393,False,Center
1912,-0.0854,-0.0449,False,Center
1913,-0.0908,-0.0495,False,Center
1914,-0.0945,-0.0514,False,Center
1915,-0.0922,-0.0347,False,Center
1916,-0.0788,-0.0338,False,Center
1917,-0.0974,-0.032,False,Center
1918,-0.1034,-0.0533,False,Center
1919,-0.0947,-0.0326,False,Center
1920,-0.0962,-0.0378,False,Center
1921,-0.0723,-0.0446,False,Center
1922,-0.0822,-0.0261,False,Center
1923,-0.0998,-0.0321,False,Center
1924,-0.0891,-0.0361,False,Center
1925,-0.0896,-0.027,False,Center
1926,-0.0003,0.021,True,Center
1927,0.0284,0.0334,True,Center
1928,0.0109,0.026,True,Center
1929,-0.0972,-0.0586,False,Center
1930,-0.0926,-0.0475,False,Center
1931,-0.091,-0.0403,False,Center
1932,-0.0911,-0.0484,False,Center
1933,-0.0855,-0.0414,False,Center
1934,-0.0847,-0.0401,False,Center
1935,-0.0783,-0.0332,False,Center
1936,-0.0956,-0.0398,False,Center
1937,-0.1156,-0.0513,False,Center
1938,-0.1113,-0.0607,False,Center
1939,-0.0924,-0.0485,False,Center
1940,-0.0995,-0.0365,False,Center
1941,-0.091,-0.0424,False,Center
1942,-0.0963,-0.048,False,Center
1943,-0.0728,-0.0343,False,Center
1944,-0.0962,-0.0235,False,Center
1945,-0.088,-0.0487,False,Center
1946,-0.1045,-0.0531,False,Center
1947,-0.0618,-0.0216,False,Center
1948,-0.1437,-0.0456,False,Center
1949,-0.1535,-0.053,False,Center
1950,-0.1425,-0.0524,False,Center
1951,-0.1301,-0.0566,False,Center
1952,-0.1337,-0.0521,False,Center
1953,-0.1455,-0.0502,False,Center
1954,-0.1305,-0.0318,False,Center
1955,-0.1365,-0.0608,False,Center
1956,-0.1283,-0.0579,False,Center
1957,-0.127,-0.0588,False,Center
1958,-0.1484,-0.0551,False,Center
1959,-0.1408,-0.0536,False,Center
1960,-0.1392,-0.053,False,Center
1961,-0.1201,-0.0454,False,Center
1962,-0.1472,-0.0506,False,Center
1963,-0.1216,0.0007,False,Center
1964,-0.0866,0.0175,False,Center
1965,-0.107,0.0123,False,Center
1966,-0.1486,0.0484,False,Center
1967,-0.1223,0.0525,False,Center
1968,-0.1493,0.0731,False,Center
1969,-0.1224,0.0478,False,Center
1970,-0.1058,0.0502,False,Center
1971,-0.126,0.052,False,Center
1972,-0.1316,0.0598,False,Center
1973,-0.1135,0.0332,False,Center
1974,-0.1362,0.0536,False,Center
1975,-0.1253,0.0458,False,Center
1976,-0.1064,0.0503,False,Center
1977,-0.1369,0.0628,False,Center
1978,-0.0936,0.0357,False,Center
1979,-0.0878,0.0254,False,Center
1980,-0.089,0.022,False,Center
1981,-0.1154,0.038,False,Center
1982,-0.0872,0.0346,False,Center
1983,-0.0776,0.0435,False,Center
1984,-0.0799,0.0289,False,Center
1985,-0.0822,0.0162,False,Center
1986,-0.0571,0.0239,False,Center
1987,-0.0654,0.0078,False,Center
1988,-0.085,0.0352,False,Center
1989,-0.0815,0.0111,False,Center
1990,0.0814,-0.0336,False,Center
1991,-0.0149,-0.0077,True,Center
1992,-0.0452,0.003,True,Center
1993,-0.0719,0.0129,False,Center
1994,-0.0375,0.0227,True,Center
1995,-0.0711,0.0184,False,Center
1996,-0.0654,0.0189,False,Center
1997,-0.0667,0.0313,False,Center
1998,-0.0688,0.0215,False,Center
1999,-0.0721,0.0348,False,Center
2000,-0.0525,0.0154,False,Center
2001,-0.0532,0.0189,False,Center
2002,-0.0574,0.0155,False,Center
2003,-0.0688,0.0242,False,Center
2004,-0.0981,0.0559,False,Center
2005,-0.0621,0.0554,False,Center
2006,-0.0532,0.0582,False,Center
2007,-0.0461,0.0544,True,Center
2008,-0.0799,0.0621,False,Center
2009,-0.0724,0.0655,False,Center
2010,-0.0814,0.054,False,Center
2011,-0.0759,0.0572,False,Center
2012,-0.0662,0.0492,False,Center
2013,-0.0805,0.0514,False,Center
2014,-0.0874,0.0479,False,Center
2015,-0.043,0.046,True,Center
2016,-0.0685,0.0411,False,Center
2017,-0.089,0.0133,False,Center
2018,-0.0754,-0.0092,False,Center
2019,-0.0922,-0.0146,False,Center
2020,-0.0627,-0.0196,False,Center
2021,-0.0965,-0.0119,False,Center
2022,-0.0711,-0.0132,False,Center
2023,-0.0757,-0.0133,False,Center
2024,-0.0719,0.0318,False,Center
2025,-0.0939,-0.0566,False,Center
2026,-0.0933,-0.0423,False,Center
2027,-0.0787,-0.0265,False,Center
2028,-0.0474,0.0068,True,Center
2029,-0.0469,-0.01,True,Center
2030,-0.0362,-0.0028,True,Center
2031,-0.0489,-0.0067,True,Center
2032,-0.0917,-0.0039,False,Center
2033,-0.0234,-0.0004,True,Center
2034,-0.0498,-0.0031,True,Center
2035,-0.0498,-0.0065,True,Center
2036,-0.0419,-0.0077,True,Center
2037,-0.0409,-0.0062,True,Center
2038,-0.1059,0.0149,False,Center
2039,0.007,0.0303,True,Center
2040,0.0293,0.0144,True,Center
2041,-0.0062,0.0241,True,Center
2042,0.0564,-0.0033,False,Center
2043,0.0751,0.0153,False,Center
2044,0.0994,0.0363,False,Center
2045,0.0537,0.0136,False,Center
2046,0.0655,0.0206,False,Center
2047,0.0617,0.014,False,Center
2048,-0.0866,0.0451,False,Center
2049,-0.0429,0.012,True,Center
2050,-0.116,-0.026,False,Center
2051,-0.1166,-0.0332,False,Center
2052,-0.1509,-0.0349,False,Center
2053,-0.1873,-0.0364,False,Center
2054,-0.1845,-0.0263,False,Center
2055,-0.1725,-0.0082,False,Center
2056,-0.1879,-0.0102,False,Center
2057,-0.1907,-0.0222,False,Center
2058,-0.1858,-0.0105,False,Center
2059,-0.1655,-0.0098,False,Center
2060,-0.1871,-0.0119,False,Center
2061,-0.1962,-0.0219,False,Center
2062,-0.2027,-0.0063,False,Left
2063,-0.1957,-0.011,False,Center
2064,-0.1824,-0.0053,False,Center
2065,-0.1692,-0.0036,False,Center
2066,-0.1691,-0.0035,False,Center
2067,-0.1679,-0.0023,False,Center
2068,-0.1837,-0.0058,False,Center
2069,-0.1944,-0.0227,False,Center
2070,-0.1596,0.0063,False,Center
2071,0.0138,0.0472,True,Center
2072,-0.0136,0.0436,True,Center
2073,-0.0052,0.04,True,Center
2074,-0.1445,-0.0282,False,Center
2075,-0.1561,-0.0166,False,Center
2076,-0.1624,-0.0243,False,Center
2077,-0.1535,-0.0188,False,Center
2078,-0.1622,-0.0136,False,Center
2079,-0.1494,-0.0156,False,Center
2080,-0.1512,-0.0207,False,Center
2081,-0.1615,-0.0197,False,Center
2082,-0.1634,-0.0296,False,Center
2083,-0.1616,-0.0163,False,Center
2084,-0.1525,-0.021,False,Center
2085,-0.1488,-0.0312,False,Center
2086,-0.146,-0.0396,False,Center
2087,-0.1908,-0.0464,False,Center
2088,-0.1859,-0.0531,False,Center
2089,-0.183,-0.0473,False,Center
2090,-0.1845,-0.0498,False,Center
2091,-0.1878,-0.0468,False,Center
2092,-0.1868,-0.0437,False,Center
2093,-0.1707,-0.0386,False,Center
2094,-0.1757,-0.0394,False,Center
2095,-0.1615,-0.0245,False,Center
2096,-0.0729,0.0045,False,Center
2097,-0.0448,-0.0225,True,Center
2098,-0.0447,-0.0185,True,Center
2099,-0.0458,-0.0174,True,Center
2100,-0.0491,-0.0283,True,Center
2101,-0.0551,-0.0179,False,Center
2102,-0.0751,0.0225,False,Center
2103,-0.0724,-0.0025,False,Center
2104,-0.1382,-0.0188,False,Center
2105,-0.1664,-0.0112,False,Center
2106,-0.1734,-0.0102,False,Center
2107,-0.1714,-0.0028,False,Center
2108,-0.173,-0.0141,False,Center
2109,-0.1802,-0.0184,False,Center
2110,-0.178,-0.0145,False,Center
2111,-0.155,-0.0108,False,Center
2112,-0.166,-0.0175,False,Center
2113,-0.1643,-0.0201,False,Center
2114,-0.1685,-0.0192,False,Center
2115,-0.1788,-0.0249,False,Center
2116,-0.1699,-0.0107,False,Center
2117,-0.1835,0.001,False,Center
2118,-0.2137,0.0127,False,Left
2119,-0.199,0.0332,False,Center
2120,-0.1879,0.0171,False,Center
2121,-0.1838,0.036,False,Center
2122,-0.1852,0.0264,False,Center
2123,-0.1907,0.0292,False,Center
2124,-0.1806,0.0153,False,Center
2125,-0.1857,0.0308,False,Center
2126,-0.1827,0.026,False,Center
2127,-0.1869,0.0401,False,Center
2128,-0.1927,0.0264,False,Center
2129,-0.2158,0.0511,False,Left
2130,-0.1951,0.064,False,Center
2131,-0.1917,0.0903,False,Center
2132,-0.185,0.0716,False,Center
2133,-0.1706,0.0825,False,Center
2134,-0.1771,0.0814,False,Center
2135,-0.1755,0.0779,False,Center
2136,-0.1824,0.0803,False,Center
2137,-0.1722,0.0797,False,Center
2138,-0.1766,0.0736,False,Center
2139,-0.1696,0.063,False,Center
2140,-0.1687,0.0739,False,Center
2141,-0.1614,0.0638,False,Center
2142,-0.15,0.0888,False,Center
2143,-0.1161,0.0425,False,Center
2144,-0.0688,-0.0322,False,Center
2145,-0.0432,-0.0247,True,Center
2146,-0.0417,-0.0348,True,Center
2147,-0.0574,-0.0529,False,Center
2148,-0.0455,-0.0167,True,Center
2149,-0.0455,-0.0339,True,Center
2150,-0.0591,-0.0379,False,Center
2151,-0.0544,-0.0435,False,Center
2152,-0.0795,0.0383,False,Center
2153,-0.1032,0.0337,False,Center
2154,-0.0155,0.0567,True,Center
2155,-0.0472,-0.0289,True,Center
2156,-0.0389,-0.0262,True,Center
2157,-0.0484,-0.0536,True,Center
2158,-0.0557,-0.0479,False,Center
2159,-0.0537,-0.0357,False,Center
2160,-0.0608,-0.041,False,Center
2161,-0.0753,-0.0412,False,Center
2162,-0.0673,-0.0392,False,Center
2163,-0.095,-0.039,False,Center
2164,-0.1079,-0.0262,False,Center
2165,-0.1184,-0.0269,False,Center
2166,-0.1258,-0.0279,False,Center
2167,-0.1157,-0.0298,False,Center
2168,-0.117,-0.0388,False,Center
2169,-0.0971,-0.0349,False,Center
2170,-0.1145,-0.0332,False,Center
2171,-0.1199,-0.0288,False,Center
2172,-0.1215,-0.0356,False,Center
2173,-0.1116,-0.0404,False,Center
2174,-0.1089,-0.0398,False,Center
2175,-0.1064,-0.036,False,Center
2176,-0.1115,-0.0413,False,Center
2177,-0.11,-0.0432,False,Center
2178,-0.1158,-0.0344,False,Center
2179,-0.1209,-0.0388,False,Center
2180,-0.1163,-0.0361,False,Center
2181,-0.1173,-0.033,False,Center
2182,-0.1062,-0.0315,False,Center
2183,-0.109,-0.0415,False,Center
2184,-0.114,-0.0295,False,Center
2185,-0.115,-0.0306,False,Center
2186,-0.1165,-0.024,False,Center
2187,-0.1152,-0.0027,False,Center
2188,-0.1141,-0.0206,False,Center
2189,-0.1131,-0.0145,False,Center
2190,-0.107,-0.0123,False,Center
2191,-0.1209,-0.0116,False,Center
2192,-0.1115,-0.0168,False,Center
2193,-0.1183,-0.0163,False,Center
2194,-0.109,-0.0232,False,Center
2195,-0.119,-0.0212,False,Center
2196,-0.1037,-0.023,False,Center
2197,-0.1104,-0.0294,False,Center
2198,-0.1021,-0.0287,False,Center
2199,-0.1277,-0.0281,False,Center
2200,-0.1097,-0.0263,False,Center
2201,0.0116,0.074,True,Center
2202,-0.132,-0.0236,False,Center
2203,-0.1116,-0.0345,False,Center
2204,-0.1158,-0.021,False,Center
2205,-0.1092,-0.0126,False,Center
2206,-0.1077,-0.0165,False,Center
2207,-0.1165,-0.0183,False,Center
2208,-0.1136,-0.0224,False,Center
2209,-0.1264,-0.0271,False,Center
2210,-0.1433,-0.0266,False,Center
2211,-0.1259,-0.0267,False,Center
2212,-0.1232,-0.0269,False,Center
2213,-0.1231,-0.0362,False,Center
2214,-0.1201,-0.0343,False,Center
2215,-0.1253,-0.025,False,Center
2216,-0.1366,-0.0267,False,Center
2217,-0.1238,-0.0191,False,Center
2218,-0.1214,-0.0171,False,Center
2219,-0.137,-0.01,False,Center
2220,-0.1599,-0.0007,False,Center
2221,-0.1482,-0.0008,False,Center
2222,-0.1402,-0.0066,False,Center
2223,-0.1463,0.0018,False,Center
2224,-0.154,-0.0028,False,Center
2225,-0.1597,-0.0032,False,Center
2226,-0.1761,0.0001,False,Center
2227,-0.1601,0.0006,False,Center
2228,-0.154,0.0087,False,Center
2229,-0.1709,-0.0035,False,Center
2230,-0.1627,-0.001,False,Center
2231,-0.1671,0.0044,False,Center
2232,-0.1584,-0.0053,False,Center
2233,-0.1674,-0.0006,False,Center
2234,-0.1557,0.0001,False,Center
2235,-0.1546,-0.0112,False,Center
2236,-0.1632,-0.0026,False,Center
2237,-0.1622,-0.0026,False,Center
2238,-0.0024,0.042,True,Center
2239,-0.1991,-0.0181,False,Center
2240,-0.1527,-0.0062,False,Center
2241,-0.1755,0.0238,False,Center
2242,-0.198,0.0504,False,Center
2243,-0.1762,0.046,False,Center
2244,-0.1932,0.0352,False,Center
2245,-0.1631,0.0398,False,Center
2246,-0.1814,0.0359,False,Center
2247,-0.1782,0.0457,False,Center
2248,-0.1921,0.0492,False,Center
2249,-0.1695,0.0498,False,Center
2250,-0.1824,0.0374,False,Center
2251,-0.1861,0.034,False,Center
2252,-0.1511,0.0288,False,Center
2253,-0.1658,0.0203,False,Center
2254,-0.1673,-0.0028,False,Center
2255,-0.1814,-0.0227,False,Center
2256,-0.1624,-0.0322,False,Center
2257,-0.1539,-0.0333,False,Center
2258,-0.1681,-0.0462,False,Center
2259,-0.1635,-0.0323,False,Center
2260,-0.1591,-0.0369,False,Center
2261,-0.1555,-0.03,False,Center
2262,-0.1696,-0.0295,False,Center
2263,-0.1533,-0.0351,False,Center
2264,-0.1615,-0.0488,False,Center
2265,-0.1574,-0.031,False,Center
2266,-0.1559,-0.031,False,Center
2267,-0.1491,-0.0313,False,Center
2268,-0.1488,-0.0282,False,Center
2269,-0.1193,-0.0305,False,Center
2270,-0.1293,-0.0269,False,Center
2271,-0.1214,-0.0192,False,Center
2272,-0.1153,-0.024,False,Center
2273,-0.1168,-0.0241,False,Center
2274,-0.1214,-0.0166,False,Center
2275,-0.1123,-0.02,False,Center
2276,-0.1391,-0.0249,False,Center
2277,-0.137,-0.0257,False,Center
2278,-0.154,-0.0404,False,Center
2279,-0.1334,-0.03,False,Center
2280,-0.1234,-0.0323,False,Center
2281,-0.1229,-0.0314,False,Center
2282,-0.1349,-0.0299,False,Center
2283,-0.1278,-0.026,False,Center
2284,-0.125,-0.0279,False,Center
2285,-0.1351,-0.0365,False,Center
2286,-0.139,-0.0195,False,Center
2287,-0.0562,-0.0145,False,Center
2288,-0.0957,-0.0315,False,Center
2289,-0.1099,-0.0382,False,Center
2290,-0.113,-0.0499,False,Center
2291,-0.105,-0.0436,False,Center
2292,-0.0617,-0.0257,False,Center
2293,-0.0484,-0.0185,True,Center
2294,-0.0774,-0.0324,False,Center
2295,-0.0961,-0.0414,False,Center
2296,-0.0986,-0.0533,False,Center
2297,-0.072,-0.046,False,Center
2298,-0.0812,-0.0595,False,Center
2299,-0.0797,-0.0378,False,Center
2300,-0.0861,-0.0409,False,Center
2301,-0.1005,-0.0468,False,Center
2302,-0.078,0.0412,False,Center
2303,-0.072,-0.0447,False,Center
2304,-0.0637,-0.0432,False,Center
2305,-0.0672,-0.0538,False,Center
2306,-0.0725,-0.0641,False,Center
2307,-0.0671,-0.0519,False,Center
2308,-0.0731,-0.0439,False,Center
2309,-0.0689,-0.0453,False,Center
2310,-0.0796,-0.0397,False,Center
2311,-0.0842,-0.0394,False,Center
2312,-0.0687,-0.0452,False,Center
2313,-0.0712,-0.0411,False,Center
2314,-0.0634,-0.0392,False,Center
2315,-0.049,-0.0425,True,Center
2316,-0.0674,-0.0461,False,Center
2317,-0.0331,-0.0399,True,Center
2318,-0.0645,-0.0348,False,Center
2319,-0.0584,-0.0164,False,Center
2320,-0.0464,-0.0237,True,Center
2321,-0.0557,-0.0206,False,Center
2322,-0.0485,-0.015,True,Center
2323,-0.0479,-0.029,True,Center
2324,-0.0447,-0.0182,True,Center
2325,-0.028,0.0395,True,Center
2326,-0.0647,-0.0695,False,Center
2327,-0.0603,-0.0516,False,Center
2328,-0.0782,-0.0852,False,Center
2329,-0.0948,-0.0734,False,Center
2330,-0.0559,-0.0652,False,Center
2331,-0.0607,-0.0641,False,Center
2332,-0.076,-0.0587,False,Center
2333,-0.0686,-0.0593,False,Center
2334,-0.0659,-0.0624,False,Center
2335,-0.0437,-0.0432,True,Center
2336,0.0182,0.0067,True,Center
2337,0.0155,0.0029,True,Center
2338,0.007,-0.0017,True,Center
2339,0.001,0.002,True,Center
2340,-0.0529,-0.0593,False,Center
2341,-0.0571,-0.0511,False,Center
2342,-0.0588,-0.0575,False,Center
2343,-0.0625,-0.061,False,Center
2344,-0.0646,-0.0616,False,Center
2345,-0.0702,-0.0536,False,Center
2346,-0.0585,-0.0538,False,Center
2347,-0.0699,-0.0611,False,Center
2348,-0.0741,-0.061,False,Center
2349,-0.0745,-0.0382,False,Center
2350,-0.0576,-0.0298,False,Center
2351,-0.0519,-0.011,False,Center
2352,-0.0449,-0.025,True,Center
2353,-0.0597,-0.0187,False,Center
2354,-0.0491,-0.0397,True,Center
2355,-0.0487,-0.0269,True,Center
2356,-0.0426,-0.0404,True,Center
2357,-0.1013,-0.0537,False,Center
2358,-0.0798,-0.0453,False,Center
2359,-0.0892,-0.0462,False,Center
2360,-0.0785,-0.0492,False,Center
2361,-0.0817,-0.0453,False,Center
2362,-0.0591,-0.0321,False,Center
2363,-0.0512,-0.0213,False,Center
2364,-0.0556,-0.0348,False,Center
2365,-0.0668,-0.0303,False,Center
2366,-0.063,-0.0347,False,Center
2367,-0.0648,-0.0243,False,Center
2368,-0.0618,-0.0342,False,Center
2369,-0.0612,-0.028,False,Center
2370,-0.0577,-0.0427,False,Center
2371,-0.0695,-0.0416,False,Center
2372,-0.0615,-0.0378,False,Center
2373,-0.0638,-0.0364,False,Center
2374,-0.0599,-0.0442,False,Center
2375,-0.0595,-0.036,False,Center
2376,-0.046,-0.0394,True,Center
2377,-0.0667,-0.0437,False,Center
2378,-0.0376,-0.052,True,Center
2379,-0.0327,-0.0365,True,Center
2380,-0.0514,-0.0445,False,Center
2381,-0.0383,-0.0387,True,Center
2382,-0.0284,-0.0422,True,Center
2383,-0.0596,-0.026,False,Center
2384,-0.056,-0.0252,False,Center
2385,-0.0461,-0.001,True,Center
2386,-0.0613,0.015,False,Center
2387,-0.0548,0.0051,False,Center
2388,-0.0614,0.0146,False,Center
2389,-0.0567,0.0061,False,Center
2390,-0.0673,0.0005,False,Center
2391,-0.0755,-0.0004,False,Center
2392,-0.0685,-0.0047,False,Center
2393,-0.079,-0.0199,False,Center
2394,-0.0763,-0.0156,False,Center
2395,-0.0721,-0.0084,False,Center
2396,-0.0517,-0.0151,False,Center
2397,-0.0523,-0.0314,False,Center
2398,-0.0437,-0.0077,True,Center
2399,-0.0213,0.0518,True,Center
2400,-0.0613,0.0079,False,Center
2401,-0.1333,0.0407,False,Center
2402,-0.086,0.0244,False,Center
2403,-0.093,0.0331,False,Center
2404,-0.1025,0.0436,False,Center
2405,-0.0837,0.0271,False,Center
2406,-0.0957,0.0486,False,Center
2407,-0.0872,0.0435,False,Center
2408,-0.0925,0.0317,False,Center
2409,-0.0967,0.024,False,Center
2410,-0.0984,0.0256,False,Center
2411,-0.1048,0.0352,False,Center
2412,-0.1298,0.0379,False,Center
2413,-0.1067,0.0332,False,Center
2414,-0.1319,0.0455,False,Center
2415,-0.1394,0.034,False,Center
2416,-0.1216,0.0356,False,Center
2417,-0.1475,0.0419,False,Center
2418,-0.1241,0.0412,False,Center
2419,-0.1455,0.0451,False,Center
2420,-0.1358,0.0539,False,Center
2421,-0.1305,0.0382,False,Center
2422,-0.1339,0.0481,False,Center
2423,-0.136,0.0388,False,Center
2424,-0.1396,0.0371,False,Center
2425,-0.1175,0.0442,False,Center
2426,-0.143,0.0461,False,Center
2427,-0.1137,0.0401,False,Center
2428,-0.1443,0.0507,False,Center
2429,-0.1429,0.0335,False,Center
2430,-0.153,0.0371,False,Center
2431,-0.1721,0.0644,False,Center
2432,-0.151,0.047,False,Center
2433,-0.1349,0.0596,False,Center
2434,-0.1219,0.0515,False,Center
2435,-0.1275,0.0436,False,Center
2436,-0.1399,0.0506,False,Center
2437,-0.1353,0.0498,False,Center
2438,-0.1461,0.0572,False,Center
2439,-0.1517,0.0505,False,Center
2440,-0.1322,0.0558,False,Center
2441,-0.1369,0.0537,False,Center
2442,-0.1384,0.0409,False,Center
2443,-0.1554,0.052,False,Center
2444,-0.1537,0.0471,False,Center
2445,-0.1301,0.0387,False,Center
2446,-0.1271,0.0486,False,Center
2447,-0.1448,0.0461,False,Center
2448,-0.159,0.0419,False,Center
2449,-0.1256,0.0451,False,Center
2450,-0.1343,0.0526,False,Center
2451,-0.1331,0.0449,False,Center
2452,-0.1325,0.0449,False,Center
2453,-0.1407,0.0482,False,Center
2454,-0.1375,0.0504,False,Center
2455,-0.1524,0.0401,False,Center
2456,-0.1153,0.0446,False,Center
2457,-0.137,0.0577,False,Center
2458,-0.1463,0.0597,False,Center
2459,-0.1611,0.0647,False,Center
2460,-0.1564,0.052,False,Center
2461,-0.1695,0.0558,False,Center
2462,-0.1438,0.0474,False,Center
2463,-0.1409,0.0516,False,Center
2464,-0.1365,0.0533,False,Center
2465,-0.1498,0.0498,False,Center
2466,-0.154,0.0539,False,Center
2467,-0.1471,0.0426,False,Center
2468,-0.1495,0.0448,False,Center
2469,-0.1538,0.0549,False,Center
2470,-0.1493,0.0465,False,Center
2471,-0.1319,0.0459,False,Center
2472,-0.1645,0.0486,False,Center
2473,-0.1619,0.0434,False,Center
2474,-0.1474,0.0422,False,Center
2475,-0.1476,0.0478,False,Center
2476,-0.1625,0.0646,False,Center
2477,-0.1488,0.0535,False,Center
2478,-0.1394,0.0524,False,Center
2479,-0.1509,0.0599,False,Center
2480,-0.1628,0.0566,False,Center
2481,-0.1616,0.055,False,Center
2482,-0.1606,0.0518,False,Center
2483,-0.1588,0.0561,False,Center
2484,-0.157,0.0552,False,Center
2485,-0.124,0.0454,False,Center
2486,-0.1461,0.0467,False,Center
2487,-0.1641,0.0491,False,Center
2488,-0.1698,0.0568,False,Center
2489,-0.1768,0.0591,False,Center
2490,-0.1785,0.053,False,Center
2491,-0.1903,0.0598,False,Center
2492,-0.1769,0.0595,False,Center
2493,-0.1879,0.0619,False,Center
2494,-0.1745,0.0678,False,Center
2495,-0.1826,0.0572,False,Center
2496,-0.1724,0.0434,False,Center
2497,-0.1824,0.0505,False,Center
2498,-0.1663,0.0547,False,Center
2499,-0.1782,0.0612,False,Center
2500,-0.1389,0.045,False,Center
2501,-0.1472,0.0455,False,Center
2502,-0.0297,0.0293,True,Center
2503,-0.1138,0.0299,False,Center
2504,-0.0569,0.0113,False,Center
2505,-0.0592,-0.0,False,Center
2506,-0.0804,0.0052,False,Center
2507,-0.0647,0.0443,False,Center
2508,0.0573,0.073,False,Center
2509,0.025,0.0607,True,Center
2510,-0.0714,-0.0311,False,Center
2511,-0.0613,-0.0119,False,Center
2512,-0.0755,-0.0264,False,Center
2513,-0.0723,-0.0157,False,Center
2514,-0.0799,-0.0314,False,Center
2515,-0.0718,-0.0243,False,Center
2516,-0.0309,0.005,True,Center
2517,-0.0253,0.01,True,Center
2518,-0.0363,0.0452,True,Center
2519,-0.0613,-0.0103,False,Center
2520,-0.0601,-0.0453,False,Center
2521,-0.0634,-0.0388,False,Center
2522,-0.0396,-0.0253,True,Center
2523,-0.0447,-0.0377,True,Center
2524,-0.063,-0.0214,False,Center
2525,-0.0722,-0.013,False,Center
2526,-0.1059,-0.0392,False,Center
2527,-0.0719,-0.0215,False,Center
2528,-0.0745,0.006,False,Center
2529,-0.0408,-0.0048,True,Center
2530,-0.0276,-0.0196,True,Center
2531,-0.0066,-0.0278,True,Center
2532,-0.0602,-0.0456,False,Center
2533,-0.0568,-0.0315,False,Center
2534,-0.0436,-0.0406,True,Center
2535,-0.0688,-0.0272,False,Center
2536,-0.1465,0.0569,False,Center
2537,-0.1205,0.0504,False,Center
2538,-0.0702,0.0418,False,Center
2539,-0.0275,0.0207,True,Center
2540,-0.057,0.0003,False,Center
2541,-0.1391,-0.0236,False,Center
2542,-0.202,-0.0395,False,Left
2543,-0.1149,-0.0226,False,Center
2548,-0.0833,0.0691,False,Center
2549,-0.1105,-0.0336,False,Center
2550,-0.0373,-0.0423,True,Center
2551,-0.032,-0.0658,True,Center
2552,-0.0511,-0.0625,False,Center
2553,-0.0822,-0.0096,False,Center
2555,-0.0326,-0.0328,True,Center
2556,-0.0131,-0.0405,True,Center
2557,0.0092,-0.0319,True,Center
2558,0.0088,-0.0251,True,Center
2559,-0.0714,0.0709,False,Center
2562,-0.1255,-0.5114,False,Center
2563,-0.3293,-0.0111,False,Left
2564,-0.5464,-0.62,False,Left
2565,0.0563,-0.7488,False,Center
2568,-0.1451,0.0331,False,Center
2569,-0.1081,0.0063,False,Center
2607,-0.0402,-0.0596,True,Center
2608,0.072,-0.041,False,Center
2609,0.0657,-0.1818,False,Center
2610,-0.0873,0.0108,False,Center
2618,0.0903,-0.6667,False,Center
2619,0.1356,-0.3954,False,Center
2620,-0.0927,-0.2048,False,Center
2621,-0.4201,-0.0478,False,Left
2631,-0.3423,-0.1649,False,Left
2632,-0.1126,-0.4638,False,Center
2657,-0.7371,-0.2937,False,Left
2661,-0.5627,0.3472,False,Left
2662,-0.0696,0.6409,False,Center
2663,-0.8469,-0.2789,False,Left
2664,-0.1919,0.8939,False,Center
2665,-0.3394,0.3741,False,Left
2666,0.0161,-0.008,True,Center
2667,-0.0333,0.0355,True,Center
2668,-0.1491,0.0178,False,Center
2669,0.1755,-0.1292,False,Center
2670,-0.0831,0.0651,False,Center
2671,-0.0165,0.0863,True,Center
2672,0.0947,-0.0506,False,Center
2673,-0.0255,-0.0322,True,Center
2674,-0.0358,-0.0412,True,Center
2675,-0.0464,-0.0088,True,Center
2676,-0.0809,0.0238,False,Center
2677,-0.1543,0.0803,False,Center
2678,-0.1266,0.0582,False,Center
2679,-0.1637,0.1123,False,Center
2680,-0.0955,0.0112,False,Center
2681,-0.1612,0.2073,False,Center
2692,-0.0137,-0.003,True,Center
2693,-0.0202,0.0303,True,Center
2694,-0.0149,0.0069,True,Center
2695,-0.0085,-0.0172,True,Center
2696,-0.0079,-0.0436,True,Center
2697,-0.0033,-0.0502,True,Center
2698,-0.0113,-0.0421,True,Center
2699,-0.0163,-0.0311,True,Center
2700,0.0092,-0.0433,True,Center
2701,0.0226,-0.0278,True,Center
2702,0.0213,-0.0415,True,Center
2703,0.0145,-0.0407,True,Center
2704,0.0183,-0.0444,True,Center
2705,0.0077,-0.0333,True,Center
2706,0.0075,-0.0183,True,Center
2707,0.0059,-0.0351,True,Center
2708,0.0056,-0.0536,True,Center
2709,-0.0123,-0.0484,True,Center
2710,-0.0165,-0.0462,True,Center
2711,-0.0251,-0.0326,True,Center
2712,-0.0325,-0.0319,True,Center
2713,-0.0094,-0.0365,True,Center
2714,-0.0325,-0.0394,True,Center
2715,-0.0307,-0.0346,True,Center
2716,-0.0235,-0.0259,True,Center
2717,-0.0281,-0.0308,True,Center
2718,-0.0255,-0.0418,True,Center
2719,-0.0261,-0.0453,True,Center
2720,-0.0127,-0.0386,True,Center
2721,-0.027,-0.0459,True,Center
2722,-0.0218,-0.038,True,Center
2723,-0.0177,-0.0351,True,Center
2724,0.0072,-0.0218,True,Center
2726,-0.0162,-0.0634,True,Center
2727,-0.0838,-0.0709,False,Center
2728,0.0249,-0.0534,True,Center
2729,0.0651,0.0079,False,Center
2730,0.0284,-0.0909,True,Center
2730,0.0346,-0.0171,True,Center
2731,0.2061,-0.2065,False,Right
2731,0.0961,-0.0208,False,Center
2732,0.1004,-0.0411,False,Center
2733,0.0301,-0.0024,True,Center
2734,-0.3555,-0.1517,False,Left
2735,0.0244,-0.0187,True,Center
2736,0.0543,-0.0233,False,Center
2737,0.0557,-0.0427,False,Center
2738,-0.0501,0.048,False,Center
2739,-0.0149,0.1758,True,Center
2741,0.016,0.0288,True,Center
2742,0.0042,0.0181,True,Center
2743,0.0033,-0.0118,True,Center
2744,-0.0187,-0.0277,True,Center
2745,-0.0347,-0.0345,True,Center
2746,-0.0376,-0.0321,True,Center
2747,-0.0203,-0.0255,True,Center
2748,-0.053,-0.0253,False,Center
2749,-0.0268,-0.0403,True,Center
2750,-0.0296,-0.0257,True,Center
2751,-0.0385,-0.0421,True,Center
2752,-0.0448,-0.0405,True,Center
2753,-0.0495,-0.0315,True,Center
2754,-0.0488,-0.0325,True,Center
2755,-0.0382,-0.0364,True,Center
2756,-0.034,-0.0362,True,Center
2757,-0.0107,-0.0229,True,Center
2758,-0.0014,-0.0142,True,Center
2759,-0.0084,-0.0266,True,Center
2760,-0.014,-0.0234,True,Center
2761,-0.0173,-0.0227,True,Center
2762,-0.0016,-0.0185,True,Center
2763,-0.0179,-0.0218,True,Center
2764,0.0014,-0.0252,True,Center
2765,-0.012,-0.0159,True,Center
2766,-0.0215,-0.0161,True,Center
2767,-0.0114,0.014,True,Center
2768,-0.0391,-0.0529,True,Center
2769,0.0187,-0.0492,True,Center
2770,0.0286,-0.014,True,Center
2771,0.0071,-0.0119,True,Center
2772,0.0768,-0.0392,False,Center
2773,0.0008,-0.0176,True,Center
2774,0.0352,-0.0287,True,Center
2775,0.0245,-0.019,True,Center
2776,0.0523,-0.0186,False,Center
2777,0.0206,-0.0037,True,Center
2778,-0.0006,-0.0128,True,Center
2779,0.0016,-0.0215,True,Center
2780,0.0246,-0.0159,True,Center
2781,0.046,-0.0272,True,Center
2782,0.0008,-0.0258,True,Center
2783,0.0561,-0.0289,False,Center
2784,0.0438,-0.0133,True,Center
2785,-0.0012,-0.0278,True,Center
2786,0.0419,-0.0336,True,Center
2787,0.0039,-0.0315,True,Center
2788,0.0162,-0.0553,True,Center
2791,-0.6967,0.4714,False,Left
2792,-0.4052,0.2264,False,Left
2793,-0.1112,0.1176,False,Center
2794,0.2069,-0.1411,False,Right
2795,-0.0504,0.0246,False,Center
2796,0.0464,0.0205,True,Center
2797,-0.0816,0.0222,False,Center
2798,-0.0398,0.0184,True,Center
2800,-0.0879,0.0119,False,Center
2801,-0.0589,0.0119,False,Center
2802,-0.0641,-0.0734,False,Center
2803,-0.1055,-0.0248,False,Center
2804,0.0045,-0.1252,True,Center
2805,-0.0883,0.0065,False,Center
2806,0.007,-0.0424,True,Center
2807,-0.0106,0.0201,True,Center
2808,0.0617,0.0162,False,Center
2809,-0.108,-0.0648,False,Center
2810,-0.0167,-0.0575,True,Center
2811,0.0317,-0.0268,True,Center
2812,-0.0913,-0.0273,False,Center
2814,-0.0606,-0.0886,False,Center
2815,-0.056,-0.0096,False,Center
2816,-0.071,0.0023,False,Center
2818,-0.0923,-0.0479,False,Center
2819,-0.0465,-0.027,True,Center
2820,-0.0313,0.1314,True,Center
2821,-0.0282,-0.1088,True,Center
2826,-0.083,-0.1303,False,Center
2827,-0.1637,-0.0345,False,Center
2829,-0.0254,-0.1041,True,Center
2830,-0.1568,-0.0678,False,Center
2831,-0.1309,-0.0537,False,Center
2832,0.1399,-0.0182,False,Center
2833,-0.061,-0.0114,False,Center
2834,-0.0788,-0.0781,False,Center
2836,0.1199,-0.0904,False,Center
2837,0.1189,-0.0456,False,Center
2838,-0.0138,-0.014,True,Center
2839,-0.0235,-0.0246,True,Center
2840,-0.0312,-0.0097,True,Center
2841,-0.0565,-0.023,False,Center
2842,-0.0646,-0.013,False,Center
2843,-0.0202,-0.0271,True,Center
2844,0.0369,0.0179,True,Center
2845,0.0429,-0.0429,True,Center
2855,0.0674,-0.0102,False,Center
2856,-0.0436,-0.0493,True,Center
2857,0.0074,0.0258,True,Center
2858,-0.0247,-0.0027,True,Center
2859,-0.0322,-0.0349,True,Center
2860,0.0273,-0.008,True,Center
2861,0.0062,-0.0077,True,Center
2862,-0.0156,-0.0279,True,Center
2863,-0.0294,-0.0243,True,Center
2864,-0.025,-0.011,True,Center
2865,-0.0521,-0.0163,False,Center
2866,-0.0082,-0.0134,True,Center
2867,-0.0335,-0.0139,True,Center
2868,0.0239,-0.0124,True,Center
2869,-0.0272,0.0182,True,Center
2870,-0.0298,0.0219,True,Center
2871,-0.0658,-0.004,False,Center
2872,-0.0438,-0.0008,True,Center
2873,-0.0543,0.0031,False,Center
2874,-0.0752,0.0177,False,Center
2875,-0.015,0.009,True,Center
2876,0.0214,0.1098,True,Center
2877,-0.0133,0.0891,True,Center
2878,-0.0574,0.0719,False,Center
2879,-0.0529,0.0341,False,Center
2880,-0.055,0.0612,False,Center
2881,-0.0534,0.1006,False,Center
2882,-0.06,0.0766,False,Center
2883,-0.0392,0.0514,True,Center
2884,-0.0458,0.0751,True,Center
2885,-0.0512,-0.0179,False,Center
2886,-0.0369,0.041,True,Center
2887,-0.0413,0.0146,True,Center
2888,-0.0644,0.0076,False,Center
2889,-0.1263,-0.0417,False,Center
2890,0.0569,0.0402,False,Center
2891,0.1002,0.1633,False,Center
2897,0.0125,-0.0106,True,Center
2897,-0.0187,-0.0281,True,Center
2898,0.0293,0.079,True,Center
2899,-0.0247,0.085,True,Center
2906,-0.0712,-0.0147,False,Center
2907,-0.057,-0.0073,False,Center
2908,-0.3232,-0.0888,False,Left
2909,0.0096,-0.0723,True,Center
2910,-0.1518,-0.0415,False,Center
2911,-0.0152,-0.0507,True,Center
2912,-0.0029,-0.0382,True,Center
2913,-0.0466,-0.0343,True,Center
2914,-0.0142,-0.0628,True,Center
2915,-0.0364,-0.0359,True,Center
2916,-0.034,-0.0372,True,Center
2917,-0.0307,-0.0461,True,Center
2918,-0.0408,-0.0583,True,Center
2919,-0.0308,-0.0407,True,Center
2920,-0.0298,-0.0406,True,Center
2921,-0.0323,-0.0474,True,Center
2922,-0.0345,-0.0516,True,Center
2923,-0.037,-0.039,True,Center
2924,-0.0128,-0.0426,True,Center
2925,-0.0188,-0.0351,True,Center
2926,-0.0246,-0.0316,True,Center
2927,-0.029,-0.0467,True,Center
2928,-0.0366,-0.0417,True,Center
2929,-0.0369,-0.0438,True,Center
2930,-0.0325,-0.0408,True,Center
2931,-0.0331,-0.0499,True,Center
2932,-0.0189,-0.048,True,Center
2933,-0.0406,-0.0276,True,Center
2934,-0.0446,-0.0426,True,Center
2935,-0.0364,-0.0444,True,Center
2936,-0.0375,-0.0464,True,Center
2937,-0.0354,-0.0428,True,Center
2938,-0.0207,-0.0328,True,Center
2939,-0.0153,-0.039,True,Center
2940,-0.0567,-0.0382,False,Center
2942,-0.0043,-0.0153,True,Center
2943,0.0127,-0.064,True,Center
2944,0.0194,-0.0221,True,Center
2949,-0.0138,-0.0088,True,Center
2951,-0.1944,-0.0292,False,Center
2956,-0.1325,-0.0492,False,Center
2958,-0.0188,-0.0944,True,Center
3006,0.0921,0.0348,False,Center
3104,-0.1246,-0.0791,False,Center
3107,-0.0264,0.0392,True,Center
3108,-0.0035,0.0236,True,Center
3109,-0.1508,0.0087,False,Center
3110,-0.0672,0.0515,False,Center
3111,-0.1198,-0.0498,False,Center
3112,-0.0469,0.0055,True,Center
3113,-0.0862,0.0156,False,Center
3115,-0.1116,0.061,False,Center
3116,-0.1531,0.0578,False,Center
3117,-0.119,0.0749,False,Center
3118,-0.1446,0.0079,False,Center
3119,-0.1384,-0.0095,False,Center
3120,0.2692,-0.0289,False,Right
3121,-0.2323,-0.0753,False,Left
3123,0.1528,-0.0153,False,Center
3125,0.0325,-0.0546,True,Center
3126,-0.0396,-0.1644,True,Center
3127,0.0527,-0.0062,False,Center
3129,-0.1341,-0.1023,False,Center
3130,-0.133,-0.032,False,Center
3134,-0.0572,0.0192,False,Center
3135,-0.111,-0.0792,False,Center
3138,-0.1185,-0.1004,False,Center
3139,-0.1916,-0.0615,False,Center
3141,-0.0524,0.0048,False,Center
3142,-0.0634,-0.036,False,Center
3143,-0.035,-0.0299,True,Center
3144,-0.0514,0.0326,False,Center
3145,0.0121,0.013,True,Center
3146,0.0429,-0.0587,True,Center
3146,-0.0952,-0.0141,False,Center
3147,0.0331,0.0249,True,Center
3147,0.0185,-0.0559,True,Center
3148,-0.2411,-0.0462,False,Left
3149,-0.4585,-0.1459,False,Left
3150,0.025,-0.0574,True,Center
3151,-0.0273,-0.0631,True,Center
3152,0.0182,-0.0493,True,Center
3153,-0.0027,-0.0201,True,Center
3154,0.0238,-0.0284,True,Center
3155,-0.0096,-0.0352,True,Center
3156,-0.003,-0.0354,True,Center
3157,-0.0124,-0.0397,True,Center
3158,0.0121,-0.0294,True,Center
3159,-0.0068,-0.0468,True,Center
3160,-0.0018,-0.0411,True,Center
3161,0.0081,-0.0327,True,Center
3162,-0.0052,-0.0326,True,Center
3163,-0.0098,-0.0456,True,Center
3164,-0.0204,-0.0292,True,Center
3165,-0.0122,-0.0411,True,Center
3166,0.0249,-0.0455,True,Center
3167,-0.0032,-0.031,True,Center
3168,-0.0109,-0.0434,True,Center
3169,0.075,0.003,False,Center
3170,0.0142,-0.0373,True,Center
3171,-0.0303,-0.0413,True,Center
3172,0.0017,-0.0291,True,Center
3173,0.0195,-0.0303,True,Center
3174,0.0171,-0.0275,True,Center
3175,0.0017,-0.042,True,Center
3176,0.0145,-0.0426,True,Center
3177,0.0289,-0.0379,True,Center
3178,0.0112,-0.0484,True,Center
3179,-0.0022,-0.0518,True,Center
3180,-0.0057,-0.0385,True,Center
3181,-0.0196,-0.0473,True,Center
3182,0.0032,-0.0374,True,Center
3183,-0.0023,-0.048,True,Center
3184,-0.0226,-0.0614,True,Center
3185,-0.022,-0.0498,True,Center
3186,-0.0366,-0.0527,True,Center
3187,-0.042,-0.053,True,Center
3188,-0.0509,-0.0464,False,Center
3189,-0.0008,-0.035,True,Center
3190,-0.0138,-0.0369,True,Center
3191,0.0064,0.0265,True,Center
3192,-0.0384,0.0237,True,Center
3193,0.0106,0.0263,True,Center
3194,-0.0032,0.0195,True,Center
3195,-0.0542,0.0011,False,Center
3199,0.0494,0.0716,True,Center
3200,0.1181,0.046,False,Center
3201,-0.1355,-0.0379,False,Center
3202,-0.1332,-0.0341,False,Center
3203,-0.0188,-0.0261,True,Center
3205,-0.0926,0.1163,False,Center
3206,-0.02,0.0142,True,Center
3210,-0.1727,-0.3566,False,Center
3211,0.1151,0.0478,False,Center
3212,-0.006,-0.0213,True,Center
3213,-0.0536,-0.0381,False,Center
3214,0.0206,-0.0257,True,Center
3215,0.0819,-0.0883,False,Center
3223,0.0872,-0.0611,False,Center
3224,-0.0626,-0.0451,False,Center
3225,-0.1032,-0.074,False,Center
3226,0.0815,-0.054,False,Center
3230,0.1709,-0.0437,False,Center
3231,0.1637,-0.0111,False,Center
3235,-0.2836,0.1108,False,Left
3236,-0.0321,-0.0797,True,Center
3258,0.2238,0.089,False,Right
3260,-0.1141,-0.0023,False,Center
3261,-0.1498,-0.0062,False,Center
3263,0.0217,0.0346,True,Center
3264,-0.0342,0.0019,True,Center
3265,-0.0102,0.0098,True,Center
3266,-0.045,0.0035,True,Center
3267,-0.0595,0.031,False,Center
3268,-0.0557,-0.0132,False,Center
3269,-0.0208,0.0044,True,Center
3270,-0.0407,0.0184,True,Center
3271,-0.0363,-0.022,True,Center
3272,-0.0179,-0.0209,True,Center
3273,-0.0596,-0.0024,False,Center
3274,-0.0507,0.0057,False,Center
3275,-0.0449,-0.0018,True,Center
3276,-0.0328,-0.0194,True,Center
3277,-0.0257,-0.0379,True,Center
3278,-0.0396,-0.0375,True,Center
3279,-0.0428,-0.0363,True,Center
3280,-0.078,-0.0233,False,Center
3281,-0.1219,0.0092,False,Center
3282,-0.0988,0.0274,False,Center
3283,-0.0536,0.0329,False,Center
3284,-0.0833,0.0216,False,Center
3285,-0.0344,0.044,True,Center
3286,-0.1088,0.025,False,Center
3287,-0.0807,0.0383,False,Center
3288,-0.0458,0.0362,True,Center
3289,-0.0963,0.017,False,Center
3290,-0.0702,0.026,False,Center
3291,0.0433,0.061,True,Center
3292,-0.0618,0.0167,False,Center
3293,-0.0683,0.0132,False,Center
3294,-0.0288,0.074,True,Center
3295,-0.0926,0.0573,False,Center
3296,-0.0842,0.0607,False,Center
3297,-0.0792,0.0517,False,Center
3298,-0.0862,0.0645,False,Center
3299,-0.0784,0.0652,False,Center
3300,-0.0894,0.0612,False,Center
3301,-0.069,0.0426,False,Center
3302,-0.0846,0.0732,False,Center
3303,-0.1297,0.0565,False,Center
3304,-0.1174,0.0498,False,Center
3305,-0.1473,0.0678,False,Center
3306,-0.1209,0.0907,False,Center
3307,-0.1126,0.059,False,Center
3308,-0.0415,0.0608,True,Center
3309,-0.0799,0.0624,False,Center
3310,-0.1286,0.0792,False,Center
3311,-0.0852,0.0897,False,Center
3312,-0.0701,0.0866,False,Center
3313,-0.0437,0.0844,True,Center
3314,-0.016,0.0275,True,Center
3315,0.0706,0.001,False,Center
3316,0.0547,0.0354,False,Center
3317,0.0116,0.0501,True,Center
3318,0.0184,0.0849,True,Center
3319,-0.01,0.0344,True,Center
3320,-0.0086,-0.0028,True,Center
3321,-0.0307,0.0215,True,Center
3322,-0.0153,-0.0142,True,Center
3323,0.007,0.0841,True,Center
3324,-0.0462,0.0745,True,Center
3325,-0.0605,0.0523,False,Center
3326,-0.0013,0.0345,True,Center
3327,-0.0526,-0.0018,False,Center
3328,-0.0476,0.0267,True,Center
3329,-0.1113,0.0515,False,Center
3330,-0.0865,0.014,False,Center
3331,-0.1213,-0.02,False,Center
3332,-0.075,-0.0181,False,Center
3333,-0.0771,0.0129,False,Center
3334,-0.0848,0.024,False,Center
3335,-0.0717,-0.0201,False,Center
3336,-0.0579,0.0047,False,Center
3337,-0.1061,0.0046,False,Center
3338,-0.0948,-0.0194,False,Center
3339,-0.1259,-0.037,False,Center
3340,-0.1109,-0.0331,False,Center
3341,-0.1242,-0.0275,False,Center
3342,-0.0844,-0.034,False,Center
3343,-0.1028,-0.0351,False,Center
3344,-0.0884,-0.0213,False,Center
3345,-0.0743,-0.02,False,Center
3346,-0.083,-0.0292,False,Center
3347,-0.0609,-0.0115,False,Center
3348,-0.0311,-0.007,True,Center
3349,-0.0751,-0.0157,False,Center
3350,-0.0548,-0.0143,False,Center
3351,-0.0338,-0.0195,True,Center
3352,-0.0438,-0.0168,True,Center
3353,-0.0472,-0.0152,True,Center
3354,-0.0359,-0.0125,True,Center
3355,-0.0107,-0.0139,True,Center
3356,0.0141,-0.0129,True,Center
3357,-0.022,0.0021,True,Center
3358,0.0167,-0.0138,True,Center
3359,0.017,-0.0141,True,Center
3360,-0.0618,-0.0154,False,Center
3361,-0.0402,-0.0255,True,Center
3362,-0.02,-0.0515,True,Center
3363,-0.0294,-0.0472,True,Center
3364,-0.1089,-0.0324,False,Center
3365,-0.1091,-0.023,False,Center
3366,-0.0801,-0.037,False,Center
3367,-0.0506,-0.0385,False,Center
3368,-0.0536,-0.0373,False,Center
3369,-0.0548,-0.0419,False,Center
3370,-0.0605,-0.0342,False,Center
3371,-0.0696,-0.0438,False,Center
3372,-0.0824,-0.0291,False,Center
3373,-0.0542,-0.023,False,Center
3374,-0.0337,-0.021,True,Center
3375,-0.0631,-0.0093,False,Center
3376,-0.079,-0.0275,False,Center
3377,-0.0379,0.1047,True,Center
3378,0.0133,0.062,True,Center
3379,-0.0518,-0.0008,False,Center
3380,-0.0608,-0.0268,False,Center
3381,-0.0252,-0.011,True,Center
3382,-0.001,-0.0059,True,Center
3383,0.1544,0.0512,False,Center
3384,-0.0669,-0.0211,False,Center
3385,0.051,0.0009,False,Center
3386,0.0031,-0.0215,True,Center
3387,-0.0358,-0.0301,True,Center
3388,-0.0599,-0.047,False,Center
3389,-0.08,-0.0377,False,Center
3390,-0.0081,0.0017,True,Center
3391,-0.0471,0.0328,True,Center
3392,-0.0066,0.0022,True,Center
3393,-0.0081,0.017,True,Center
3394,-0.0418,-0.0031,True,Center
3395,-0.0299,-0.005,True,Center
3396,-0.0333,-0.0226,True,Center
3397,-0.0554,-0.0034,False,Center
3398,0.0072,-0.0434,True,Center
3399,0.0298,0.0184,True,Center
3400,0.0003,0.005,True,Center
3401,-0.0407,0.0621,True,Center
3402,0.0038,-0.0055,True,Center
3403,-0.0082,-0.0308,True,Center
3404,-0.0526,0.0148,False,Center
3405,-0.0526,0.0046,False,Center
3406,-0.0588,-0.0065,False,Center
3407,-0.0495,-0.0174,True,Center
3408,-0.0089,-0.0043,True,Center
3409,-0.0227,0.0072,True,Center
3410,0.0069,0.0029,True,Center
3411,-0.0494,-0.0049,True,Center
3412,-0.0595,-0.0488,False,Center
3413,-0.0672,-0.0149,False,Center
3414,0.0253,0.0873,True,Center
